38;893;326;3;5;1;1
55;1701;569;3;5;1;1
47;187;1622;3;8;1;1
5;119;758;3;24;1;1
58;1263;13;3;9;1;1
3;16;1092;3;8;1;1
41;741;221;3;6;1;1
58;1215;882;3;6;1;1
7;97;206;3;9;1;1
57;937;4;3;56;1;1
10;37;1205;3;8;1;1
20;16;1912;3;11;1;1
42;798;556;3;11;1;1
29;43;1081;3;5;1;1
25;261;90;3;25;1;1
8;513;70;3;17;1;1
12;586;59;3;17;1;1
3;213;829;3;14;1;1
13;1558;1352;3;5;1;1
55;1658;29;3;11;1;1
16;88;13;3;142;1;1
27;1212;333;3;10;1;1
57;24;416;3;54;1;1
52;1180;12;3;49;1;1
30;1410;56;3;25;1;1
63;64;136;3;33;1;1
38;130;759;3;5;1;1
34;214;74;3;23;1;1
6;500;1439;3;8;1;1
43;132;250;3;41;1;1
63;168;16;3;50;1;1
45;860;12;3;54;1;1
29;153;967;3;18;1;1
42;128;60;3;37;1;1
40;237;694;3;10;1;1
31;235;310;3;12;1;1
24;1293;911;3;5;1;1
57;111;389;3;18;1;1
39;182;259;3;8;1;1
31;431;1143;3;9;1;1
58;88;5;3;251;1;1
40;131;1285;3;12;1;1
57;115;620;3;21;1;1
64;652;562;3;11;1;1
22;216;1385;3;13;1;1
33;509;1236;3;8;1;1
62;1216;264;3;7;1;1
18;727;1533;3;6;1;1
25;1905;302;3;9;1;1
54;293;5;3;11;1;1
14;162;745;3;12;1;1
61;237;573;3;14;1;1
50;1688;23;3;24;1;1
42;420;193;3;11;1;1
19;1599;646;3;7;1;1
15;140;3;3;159;1;1
32;421;215;3;11;1;1
19;60;583;3;35;1;1
39;72;1324;3;15;1;1
30;108;1234;3;10;1;1
57;950;38;3;7;1;1
45;226;161;3;33;1;1
6;324;582;3;11;1;1
22;8;1607;3;60;1;1
17;172;862;3;19;1;1
6;159;671;3;14;1;1
37;561;13;3;58;1;1
18;306;1071;3;11;1;1
46;58;284;3;36;1;1
33;1044;232;3;9;1;1
4;682;61;3;13;1;1
11;29;210;3;67;1;1
28;300;28;3;67;1;1
56;135;1955;3;10;1;1
13;348;6;3;6;1;1
57;54;1787;3;22;1;1
11;46;20;3;89;1;1
13;36;804;3;43;1;1
61;132;39;3;99;1;1
34;421;298;3;11;1;1
42;1961;37;3;18;1;1
30;493;118;3;18;1;1
41;664;796;3;9;1;1
4;36;66;3;35;1;1
18;250;52;3;27;1;1
53;125;1543;3;15;1;1
27;84;1828;3;7;1;1
13;171;171;3;43;1;1
51;546;11;3;15;1;1
31;816;7;3;17;1;1
58;388;10;3;9;1;1
4;93;1230;3;5;1;1
50;981;404;3;11;1;1
37;1692;538;3;6;1;1
24;1832;918;3;5;1;1
52;217;268;3;15;1;1
37;69;514;3;36;1;1
52;361;236;3;11;1;1
57;1912;26;3;20;1;1
36;1114;1122;3;5;1;1
9;873;48;3;27;1;1
45;235;147;3;25;1;1
41;1258;140;3;12;1;1
19;251;94;3;8;1;1
23;1823;7;3;21;1;1
57;1711;155;3;10;1;1
31;187;282;3;23;1;1
43;1756;198;3;8;1;1
53;1048;521;3;8;1;1
17;5;1861;3;34;1;1
43;70;50;3;67;1;1
32;23;90;3;76;1;1
27;1800;23;3;10;1;1
48;1877;29;3;5;1;1
30;1097;464;3;6;1;1
41;402;262;3;10;1;1
16;90;583;3;20;1;1
61;998;375;3;12;1;1
54;207;223;3;14;1;1
64;294;383;3;11;1;1
1;9;1060;3;36;1;1
12;63;186;3;56;1;1
9;721;186;3;12;1;1
40;1129;188;3;5;1;1
14;58;946;3;20;1;1
58;1483;4;3;82;1;1
27;357;16;3;67;1;1
21;356;378;3;7;1;1
61;834;805;3;8;1;1
2;63;12;3;79;1;1
24;481;692;3;12;1;1
21;303;40;3;62;1;1
50;153;1518;3;9;1;1
6;104;1279;3;16;1;1
49;27;483;3;31;1;1
36;14;17;3;103;1;1
6;1498;133;3;10;1;1
43;1500;102;3;12;1;1
9;908;9;3;8;1;1
52;71;111;3;54;1;1
10;527;657;3;9;1;1
10;7;287;3;77;1;1
13;998;280;3;6;1;1
46;18;381;3;16;1;1
8;7;122;3;52;1;1
40;397;47;3;12;1;1
55;413;11;3;22;1;1
26;16;313;3;57;1;1
3;790;347;3;8;1;1
61;750;1077;3;6;1;1
33;564;653;3;7;1;1
23;149;102;3;30;1;1
20;8;204;3;142;1;1
59;16;1086;3;25;1;1
64;871;422;3;5;1;1
28;775;1131;3;5;1;1
36;134;92;3;17;1;1
36;985;257;3;10;1;1
36;504;1658;3;6;1;1
34;958;62;3;22;1;1
39;1773;622;3;5;1;1
52;35;1653;3;16;1;1
5;565;19;3;55;1;1
39;912;6;3;9;1;1
22;1112;427;3;7;1;1
19;1519;1239;3;5;1;1
17;522;1866;3;6;1;1
30;519;576;3;10;1;1
51;59;1393;3;15;1;1
61;12;42;3;25;1;1
17;720;153;3;16;1;1
56;489;650;3;7;1;1
49;983;363;3;8;1;1
1;342;263;3;14;1;1
37;623;623;3;8;1;1
59;1081;438;3;10;1;1
39;148;11;3;9;1;1
29;97;875;3;11;1;1
27;859;24;3;39;1;1
42;81;317;3;5;1;1
51;543;1191;3;6;1;1
14;182;2045;3;5;1;1
10;269;1378;3;6;1;1
20;78;86;3;34;1;1
19;233;8;3;62;1;1
11;329;357;3;15;1;1
42;1998;140;3;13;1;1
23;27;765;3;43;1;1
60;124;62;3;32;1;1
6;111;188;3;8;1;1
59;12;118;3;148;1;1
30;1472;968;3;6;1;1
37;17;414;3;87;1;1
9;13;1070;3;58;1;1
46;66;707;3;27;1;1
7;1728;447;3;6;1;1
34;453;10;3;8;1;1
46;5;1481;3;60;1;1
32;1023;845;3;7;1;1
48;895;13;3;44;1;1
52;783;404;3;10;1;1
19;1479;73;3;22;1;1
37;855;2028;3;5;1;1
19;1362;514;3;6;1;1
15;585;17;3;60;1;1
60;1477;119;3;6;1;1
46;227;1888;3;11;1;1
14;91;845;3;21;1;1
8;448;272;3;20;1;1
6;27;285;3;5;1;1
46;374;11;3;21;1;1
8;969;311;3;12;1;1
10;319;1749;3;6;1;1
49;43;17;3;229;1;1
64;1643;92;3;16;1;1
19;344;13;3;24;1;1
18;183;20;3;52;1;1
58;25;276;3;41;1;1
22;353;86;3;26;1;1
39;87;824;3;21;1;1
41;7;287;3;25;1;1
35;282;530;3;8;1;1
44;554;80;3;5;1;1
56;286;1641;3;8;1;1
53;203;456;3;8;1;1
11;240;1143;3;8;1;1
36;691;23;3;56;1;1
18;4;1372;3;12;1;1
13;1935;139;3;7;1;1
49;743;864;3;5;1;1
42;1059;108;3;8;1;1
31;178;538;3;18;1;1
61;542;215;3;6;1;1
40;1566;146;3;13;1;1
1;124;1531;3;14;1;1
53;228;648;3;12;1;1
45;1366;751;3;7;1;1
10;1738;355;3;6;1;1
18;44;93;3;10;1;1
42;101;426;3;7;1;1
61;214;984;3;5;1;1
32;242;834;3;8;1;1
12;476;1329;3;9;1;1
56;538;1733;3;5;1;1
17;136;126;3;13;1;1
34;40;239;3;26;1;1
15;779;196;3;18;1;1
14;18;133;3;26;1;1
63;1023;283;3;5;1;1
58;542;605;3;13;1;1
42;862;994;3;7;1;1
56;738;636;3;6;1;1
34;83;509;3;32;1;1
2;2015;3;3;24;1;1
50;26;31;3;203;1;1
14;262;859;3;10;1;1
52;67;110;3;43;1;1
64;193;440;3;5;1;1
11;170;2042;3;8;1;1
24;585;1059;3;5;1;1
8;1576;13;3;35;1;1
43;14;1328;3;20;1;1
58;166;863;3;19;1;1
60;1485;448;3;9;1;1
28;120;271;3;32;1;1
45;464;201;3;9;1;1
13;426;456;3;12;1;1
22;23;294;3;70;1;1
22;1056;887;3;7;1;1
42;1402;686;3;7;1;1
52;476;972;3;8;1;1
14;831;767;3;7;1;1
40;698;16;3;5;1;1
33;1089;1045;3;5;1;1
37;240;107;3;6;1;1
62;943;3;3;96;1;1
35;1269;183;3;9;1;1
32;220;1956;3;7;1;1
27;1947;80;3;11;1;1
5;782;101;3;20;1;1
60;1741;69;3;11;1;1
1;1434;509;3;5;1;1
20;107;1863;3;7;1;1
35;872;1678;3;5;1;1
29;95;108;3;49;1;1
26;551;108;3;14;1;1
31;40;128;3;66;1;1
2;58;200;3;38;1;1
49;144;1856;3;5;1;1
23;66;583;3;9;1;1
59;974;108;3;21;1;1
36;1126;131;3;14;1;1
64;9;1048;3;69;1;1
64;5;1064;3;48;1;1
43;536;3;3;62;1;1
64;407;132;3;10;1;1
50;1053;73;3;14;1;1
8;6;160;3;47;1;1
48;468;127;3;20;1;1
9;452;35;3;34;1;1
24;263;108;3;23;1;1
52;1532;72;3;19;1;1
35;1583;669;3;7;1;1
43;3;1762;3;12;1;1
17;2033;17;3;21;1;1
64;872;257;3;7;1;1
46;1670;160;3;11;1;1
17;1283;28;3;17;1;1
12;53;2016;3;9;1;1
10;1117;20;3;29;1;1
60;1943;710;3;5;1;1
20;7;319;3;107;1;1
38;455;33;3;40;1;1
16;46;22;3;81;1;1
26;63;11;3;170;1;1
19;39;45;3;52;1;1
23;575;215;3;13;1;1
42;442;11;3;71;1;1
33;1009;900;3;5;1;1
41;1416;36;3;21;1;1
51;1788;224;3;7;1;1
12;75;10;3;240;1;1
62;475;435;3;12;1;1
37;700;436;3;8;1;1
63;6;333;3;160;1;1
31;1024;1228;3;5;1;1
30;53;18;3;241;1;1
58;5;353;3;175;1;1
32;804;18;3;51;1;1
25;46;1284;3;5;1;1
7;195;587;3;16;1;1
16;290;82;3;9;1;1
31;451;1848;3;7;1;1
22;47;210;3;75;1;1
9;956;42;3;35;1;1
3;659;400;3;12;1;1
27;363;327;3;11;1;1
55;43;491;3;18;1;1
44;34;809;3;37;1;1
16;572;342;3;7;1;1
11;89;1433;3;14;1;1
35;25;1038;3;46;1;1
18;1049;1578;3;5;1;1
58;822;253;3;7;1;1
25;771;269;3;6;1;1
22;648;180;3;8;1;1
64;108;94;3;27;1;1
60;118;771;3;21;1;1
8;1826;242;3;6;1;1
53;1062;1125;3;6;1;1
2;254;1747;3;11;1;1
39;573;6;3;120;1;1
17;513;1402;3;7;1;1
17;122;91;3;67;1;1
48;260;925;3;11;1;1
3;46;313;3;5;1;1
58;152;508;3;10;1;1
46;601;1850;3;5;1;1
6;71;1506;3;8;1;1
43;110;1051;3;7;1;1
12;230;506;3;19;1;1
45;1225;17;3;50;1;1
22;94;237;3;15;1;1
36;40;14;3;215;1;1
12;146;240;3;8;1;1
33;21;1336;3;34;1;1
6;110;369;3;8;1;1
35;637;1328;3;8;1;1
12;1805;10;3;31;1;1
13;1447;624;3;7;1;1
64;355;119;3;15;1;1
49;498;425;3;13;1;1
41;145;1907;3;11;1;1
30;548;82;3;32;1;1
40;3;858;3;137;1;1
25;1495;37;3;14;1;1
49;290;501;3;14;1;1
27;511;452;3;15;1;1
23;1257;56;3;11;1;1
29;398;168;3;23;1;1
12;35;1029;3;18;1;1
45;9;1212;3;66;1;1
16;513;204;3;8;1;1
25;13;140;3;91;1;1
13;218;1141;3;10;1;1
38;52;290;3;29;1;1
21;99;780;3;22;1;1
24;1201;734;3;6;1;1
27;142;1077;3;14;1;1
40;550;800;3;9;1;1
13;30;36;3;151;1;1
36;79;260;3;49;1;1
61;1574;3;3;38;1;1
31;982;32;3;36;1;1
50;7;160;3;112;1;1
44;12;984;3;15;1;1
27;107;10;3;117;1;1
38;187;3;3;226;1;1
11;139;511;3;25;1;1
37;943;9;3;75;1;1
13;1000;115;3;20;1;1
27;38;95;3;14;1;1
34;984;590;3;6;1;1
50;14;366;3;43;1;1
3;124;798;3;7;1;1
6;1289;788;3;5;1;1
8;162;55;3;67;1;1
29;1400;293;3;5;1;1
48;442;582;3;14;1;1
12;133;90;3;8;1;1
30;66;304;3;38;1;1
16;571;1384;3;8;1;1
46;486;1042;3;10;1;1
17;541;817;3;6;1;1
37;2023;55;3;14;1;1
10;39;1348;3;15;1;1
13;947;992;3;6;1;1
60;149;122;3;31;1;1
51;50;122;3;57;1;1
46;109;449;3;30;1;1
57;347;147;3;14;1;1
2;10;580;3;5;1;1
56;71;1567;3;10;1;1
64;1636;124;3;6;1;1
30;854;480;3;8;1;1
30;163;1621;3;9;1;1
36;368;907;3;6;1;1
23;1696;396;3;7;1;1
41;2015;77;3;17;1;1
53;16;1233;3;24;1;1
17;62;187;3;13;1;1
19;257;1637;3;7;1;1
54;17;1186;3;15;1;1
19;1340;1028;3;5;1;1
2;145;280;3;8;1;1
18;134;584;3;26;1;1
53;684;509;3;5;1;1
37;1052;279;3;10;1;1
17;1208;240;3;11;1;1
18;128;870;3;12;1;1
32;815;302;3;11;1;1
33;616;1151;3;6;1;1
39;22;9;3;24;1;1
19;189;346;3;10;1;1
57;822;54;3;27;1;1
53;46;1281;3;23;1;1
3;1189;36;3;31;1;1
13;1843;1157;3;5;1;1
47;394;708;3;11;1;1
42;20;780;3;11;1;1
43;190;861;3;12;1;1
63;1858;123;3;7;1;1
34;613;1019;3;8;1;1
51;438;987;3;11;1;1
63;679;169;3;5;1;1
28;174;1050;3;6;1;1
7;24;815;3;32;1;1
14;119;1232;3;18;1;1
21;1944;32;3;20;1;1
2;900;554;3;8;1;1
38;396;33;3;23;1;1
21;817;435;3;6;1;1
60;1494;10;3;16;1;1
30;814;590;3;8;1;1
35;64;2033;3;7;1;1
19;1646;11;3;48;1;1
59;1195;392;3;6;1;1
46;1293;66;3;22;1;1
16;1184;53;3;13;1;1
2;257;1842;3;5;1;1
1;99;856;3;13;1;1
22;778;505;3;8;1;1
16;955;789;3;5;1;1
42;186;467;3;6;1;1
27;2010;410;3;7;1;1
58;76;188;3;12;1;1
31;924;31;3;44;1;1
43;502;621;3;13;1;1
38;531;1217;3;8;1;1
5;52;1556;3;5;1;1
58;68;115;3;22;1;1
30;1448;316;3;5;1;1
64;1428;571;3;8;1;1
27;24;107;3;12;1;1
9;1762;34;3;20;1;1
16;292;551;3;15;1;1
15;128;1148;3;17;1;1
24;1839;51;3;8;1;1
53;1505;10;3;43;1;1
14;228;294;3;13;1;1
42;1697;679;3;5;1;1
64;203;1999;3;11;1;1
36;1392;902;3;6;1;1
15;172;46;3;10;1;1
21;831;247;3;11;1;1
42;628;24;3;49;1;1
35;87;860;3;18;1;1
18;1330;138;3;8;1;1
41;143;304;3;7;1;1
33;45;1521;3;11;1;1
49;152;102;3;40;1;1
22;1698;155;3;7;1;1
4;9;1040;3;28;1;1
36;5;208;3;123;1;1
45;1388;30;3;36;1;1
49;1246;7;3;17;1;1
35;1758;828;3;6;1;1
28;437;1764;3;7;1;1
7;968;256;3;9;1;1
13;355;8;3;53;1;1
49;773;401;3;12;1;1
39;332;100;3;17;1;1
17;36;1353;3;28;1;1
30;66;81;3;15;1;1
54;10;1578;3;59;1;1
64;42;584;3;31;1;1
29;80;4;3;79;1;1
8;115;13;3;76;1;1
4;125;151;3;40;1;1
47;1115;227;3;6;1;1
54;22;686;3;29;1;1
37;388;181;3;19;1;1
2;577;326;3;9;1;1
30;80;908;3;16;1;1
56;139;19;3;47;1;1
56;372;1863;3;6;1;1
4;26;1376;3;29;1;1
22;16;1177;3;37;1;1
7;1913;528;3;5;1;1
2;41;22;3;202;1;1
13;2000;239;3;7;1;1
37;473;15;3;54;1;1
43;1556;917;3;6;1;1
50;566;71;3;29;1;1
6;27;27;3;145;1;1
13;752;1525;3;6;1;1
51;406;1984;3;5;1;1
24;93;265;3;42;1;1
1;104;1862;3;14;1;1
47;639;12;3;33;1;1
15;583;746;3;7;1;1
34;557;1297;3;5;1;1
21;640;1496;3;6;1;1
5;42;1702;3;26;1;1
11;1495;66;3;18;1;1
27;727;152;3;8;1;1
22;49;767;3;14;1;1
40;141;460;3;23;1;1
34;908;841;3;5;1;1
61;2035;23;3;16;1;1
33;9;239;3;123;1;1
36;17;55;3;147;1;1
62;1070;33;3;27;1;1
38;278;872;3;10;1;1
33;1177;629;3;6;1;1
28;173;954;3;14;1;1
15;793;41;3;11;1;1
19;1374;5;3;86;1;1
15;99;60;3;28;1;1
12;312;120;3;13;1;1
41;13;301;3;6;1;1
28;891;61;3;26;1;1
40;1359;67;3;17;1;1
1;25;1985;3;12;1;1
19;896;448;3;8;1;1
11;1094;175;3;14;1;1
2;135;1633;3;9;1;1
17;224;78;3;52;1;1
7;1030;87;3;16;1;1
38;1709;9;3;11;1;1
56;559;848;3;8;1;1
51;460;5;3;37;1;1
19;1133;686;3;6;1;1
20;32;1655;3;7;1;1
14;16;374;3;75;1;1
7;119;687;3;22;1;1
42;75;348;3;36;1;1
57;79;440;3;6;1;1
8;6;1154;3;74;1;1
38;243;108;3;14;1;1
10;1290;16;3;15;1;1
37;246;956;3;7;1;1
1;5;223;3;133;1;1
29;195;43;3;49;1;1
63;846;427;3;7;1;1
25;181;1139;3;6;1;1
25;150;1404;3;13;1;1
19;1861;309;3;9;1;1
58;170;360;3;30;1;1
52;809;1031;3;6;1;1
24;155;69;3;45;1;1
17;790;304;3;10;1;1
41;586;1162;3;6;1;1
44;77;709;3;18;1;1
62;191;1359;3;12;1;1
39;29;213;3;40;1;1
45;29;1592;3;17;1;1
56;1164;220;3;13;1;1
64;1248;81;3;10;1;1
54;1248;359;3;11;1;1
48;1141;294;3;12;1;1
33;162;126;3;47;1;1
4;360;278;3;18;1;1
48;398;2021;3;8;1;1
50;232;68;3;51;1;1
54;161;355;3;11;1;1
58;422;152;3;21;1;1
59;1130;400;3;7;1;1
57;123;1957;3;12;1;1
27;454;1478;3;9;1;1
54;88;1014;3;23;1;1
52;17;297;3;83;1;1
19;176;1571;3;10;1;1
17;78;83;3;89;1;1
55;1516;3;3;71;1;1
36;231;740;3;5;1;1
51;321;341;3;15;1;1
39;292;70;3;27;1;1
42;16;1021;3;34;1;1
61;1044;19;3;51;1;1
8;161;1713;3;11;1;1
12;34;1426;3;30;1;1
34;1402;13;3;44;1;1
35;1240;379;3;6;1;1
61;1588;958;3;5;1;1
44;630;724;3;8;1;1
46;626;537;3;9;1;1
61;231;1953;3;9;1;1
33;4;1091;3;96;1;1
39;955;90;3;20;1;1
18;1411;189;3;10;1;1
33;1595;718;3;5;1;1
17;1005;595;3;5;1;1
53;451;1876;3;8;1;1
45;661;692;3;10;1;1
37;1262;324;3;10;1;1
45;1566;160;3;12;1;1
50;243;1523;3;10;1;1
37;759;11;3;61;1;1
43;156;1778;3;6;1;1
60;1108;125;3;11;1;1
16;52;337;3;27;1;1
3;461;177;3;10;1;1
10;841;1189;3;7;1;1
41;319;1020;3;7;1;1
28;248;492;3;9;1;1
17;88;18;3;71;1;1
38;377;507;3;16;1;1
30;244;672;3;14;1;1
48;138;62;3;21;1;1
20;68;9;3;155;1;1
21;132;742;3;19;1;1
57;684;17;3;12;1;1
59;332;188;3;26;1;1
44;14;925;3;27;1;1
1;148;4;3;154;1;1
63;1936;29;3;14;1;1
24;522;489;3;8;1;1
2;95;1682;3;18;1;1
31;840;420;3;12;1;1
35;1796;22;3;37;1;1
43;671;17;3;31;1;1
43;1041;90;3;20;1;1
46;1660;96;3;10;1;1
45;703;1695;3;6;1;1
37;683;85;3;16;1;1
59;217;78;3;43;1;1
64;406;740;3;13;1;1
62;10;1095;3;55;1;1
25;279;121;3;36;1;1
39;185;945;3;17;1;1
24;146;48;3;31;1;1
2;49;9;3;109;1;1
6;237;995;3;15;1;1
33;4;1521;3;94;1;1
15;209;500;3;17;1;1
32;1250;83;3;9;1;1
63;103;1091;3;12;1;1
19;6;217;3;9;1;1
37;1832;43;3;5;1;1
22;202;217;3;31;1;1
29;226;1825;3;9;1;1
2;1848;126;3;6;1;1
42;364;32;3;14;1;1
37;952;11;3;39;1;1
37;484;12;3;85;1;1
21;205;95;3;31;1;1
15;5;808;3;72;1;1
4;1428;8;3;50;1;1
64;113;799;3;6;1;1
29;1021;678;3;5;1;1
29;49;187;3;69;1;1
21;60;1263;3;7;1;1
63;134;52;3;20;1;1
1;380;1499;3;6;1;1
49;226;293;3;26;1;1
29;1736;143;3;11;1;1
15;324;1564;3;5;1;1
39;123;884;3;9;1;1
2;602;1214;3;7;1;1
55;319;565;3;5;1;1
35;83;202;3;36;1;1
18;212;569;3;14;1;1
27;938;10;3;6;1;1
46;2028;3;3;91;1;1
57;262;571;3;15;1;1
53;424;100;3;30;1;1
2;262;7;3;94;1;1
63;236;194;3;18;1;1
13;952;1951;3;5;1;1
13;510;213;3;7;1;1
61;1596;606;3;6;1;1
5;676;674;3;8;1;1
46;47;166;3;83;1;1
9;1057;31;3;31;1;1
51;1984;462;3;6;1;1
26;624;514;3;8;1;1
19;7;247;3;75;1;1
27;378;1988;3;8;1;1
47;26;13;3;5;1;1
2;788;691;3;7;1;1
53;1518;307;3;6;1;1
10;385;7;3;5;1;1
55;1036;1732;3;5;1;1
17;19;187;3;65;1;1
40;152;26;3;78;1;1
32;12;599;3;76;1;1
8;14;727;3;14;1;1
61;1109;357;3;5;1;1
39;86;436;3;21;1;1
40;132;3;3;60;1;1
23;736;472;3;10;1;1
53;505;17;3;10;1;1
31;237;172;3;5;1;1
10;4;477;3;17;1;1
23;208;369;3;10;1;1
8;381;218;3;19;1;1
59;61;703;3;21;1;1
39;562;1590;3;6;1;1
44;735;20;3;57;1;1
50;185;1322;3;13;1;1
14;273;184;3;27;1;1
18;20;449;3;76;1;1
50;61;599;3;27;1;1
41;200;375;3;5;1;1
51;624;32;3;22;1;1
59;417;15;3;52;1;1
18;17;278;3;32;1;1
38;137;840;3;15;1;1
9;3;83;3;232;1;1
10;1007;211;3;10;1;1
11;37;1725;3;5;1;1
25;232;377;3;19;1;1
2;882;406;3;7;1;1
4;248;264;3;5;1;1
52;533;147;3;17;1;1
64;245;527;3;10;1;1
18;294;35;3;23;1;1
7;913;42;3;7;1;1
22;31;482;3;49;1;1
18;429;7;3;123;1;1
34;73;112;3;82;1;1
33;52;586;3;15;1;1
21;1320;83;3;7;1;1
63;127;2027;3;8;1;1
9;1814;244;3;6;1;1
31;5;189;3;187;1;1
46;27;281;3;48;1;1
36;1172;49;3;20;1;1
48;644;929;3;5;1;1
50;34;378;3;63;1;1
54;5;106;3;92;1;1
51;137;1270;3;8;1;1
40;446;85;3;37;1;1
48;46;941;3;22;1;1
47;715;979;3;6;1;1
16;173;701;3;6;1;1
31;138;1361;3;6;1;1
12;1460;288;3;11;1;1
43;1351;1217;3;5;1;1
20;240;289;3;25;1;1
51;27;36;3;54;1;1
60;603;1299;3;7;1;1
18;637;192;3;8;1;1
1;305;601;3;10;1;1
2;311;47;3;6;1;1
44;58;1794;3;9;1;1
46;200;101;3;41;1;1
27;1249;690;3;6;1;1
44;117;1362;3;10;1;1
19;1049;1432;3;6;1;1
5;77;15;3;190;1;1
1;28;1708;3;29;1;1
11;1441;115;3;7;1;1
42;1128;919;3;5;1;1
15;876;1542;3;6;1;1
31;140;117;3;28;1;1
49;24;750;3;22;1;1
21;18;218;3;92;1;1
24;79;136;3;49;1;1
12;1410;1454;3;5;1;1
44;854;1597;3;6;1;1
25;168;16;3;99;1;1
47;292;320;3;7;1;1
56;15;172;3;100;1;1
33;629;497;3;10;1;1
31;14;26;3;140;1;1
34;448;41;3;13;1;1
5;390;844;3;11;1;1
29;31;990;3;13;1;1
54;1656;775;3;6;1;1
18;430;7;3;19;1;1
43;1100;539;3;5;1;1
37;1113;15;3;21;1;1
28;517;411;3;5;1;1
21;1873;61;3;16;1;1
38;1168;224;3;10;1;1
63;452;621;3;12;1;1
24;150;439;3;16;1;1
14;286;723;3;6;1;1
41;29;890;3;6;1;1
3;281;1622;3;6;1;1
7;904;1468;3;6;1;1
25;448;1420;3;9;1;1
9;1562;404;3;5;1;1
8;1886;119;3;10;1;1
2;148;1517;3;12;1;1
37;784;280;3;13;1;1
60;1052;50;3;11;1;1
36;309;1023;3;11;1;1
1;134;584;3;16;1;1
35;957;1044;3;5;1;1
30;84;396;3;40;1;1
49;1645;96;3;5;1;1
3;145;5;3;137;1;1
35;9;1402;3;28;1;1
33;13;38;3;69;1;1
46;351;430;3;12;1;1
49;1111;392;3;7;1;1
47;143;18;3;114;1;1
54;1393;4;3;49;1;1
53;445;9;3;97;1;1
29;727;7;3;92;1;1
54;284;44;3;40;1;1
35;1054;20;3;45;1;1
17;116;162;3;7;1;1
41;9;1963;3;29;1;1
39;1770;485;3;5;1;1
41;62;833;3;30;1;1
22;137;1824;3;13;1;1
32;285;1504;3;6;1;1
50;1202;46;3;6;1;1
4;1087;63;3;6;1;1
48;589;1288;3;7;1;1
37;1325;780;3;5;1;1
45;77;1702;3;14;1;1
56;859;153;3;19;1;1
16;79;443;3;33;1;1
36;1836;661;3;6;1;1
57;220;1444;3;5;1;1
50;3;549;3;44;1;1
25;766;19;3;52;1;1
16;56;101;3;17;1;1
18;1562;144;3;11;1;1
55;1569;1102;3;5;1;1
23;334;847;3;6;1;1
6;973;76;3;24;1;1
2;1225;268;3;5;1;1
12;113;26;3;40;1;1
18;301;423;3;8;1;1
30;1947;62;3;5;1;1
17;1038;956;3;7;1;1
6;1132;185;3;9;1;1
30;1433;589;3;8;1;1
26;399;54;3;33;1;1
20;28;1876;3;26;1;1
48;606;208;3;15;1;1
18;1877;5;3;37;1;1
34;1127;3;3;44;1;1
34;1425;591;3;5;1;1
47;18;1849;3;29;1;1
48;41;1805;3;21;1;1
27;338;1665;3;8;1;1
50;1750;117;3;8;1;1
34;549;284;3;13;1;1
58;100;1435;3;9;1;1
32;120;1940;3;10;1;1
40;53;1331;3;19;1;1
61;207;973;3;13;1;1
38;1203;104;3;14;1;1
51;1558;158;3;11;1;1
63;165;97;3;30;1;1
40;363;1740;3;5;1;1
22;169;1100;3;8;1;1
64;4;1788;3;71;1;1
53;3;527;3;89;1;1
61;476;1207;3;8;1;1
6;953;778;3;6;1;1
39;77;1026;3;5;1;1
50;177;1425;3;8;1;1
32;898;56;3;20;1;1
62;70;1524;3;18;1;1
46;318;1982;3;9;1;1
23;65;90;3;13;1;1
59;422;86;3;19;1;1
60;1084;339;3;9;1;1
56;1229;231;3;12;1;1
32;16;77;3;64;1;1
54;1019;5;3;102;1;1
11;1187;87;3;20;1;1
2;204;1673;3;10;1;1
17;593;276;3;5;1;1
48;749;1314;3;6;1;1
28;225;721;3;6;1;1
62;4;658;3;86;1;1
33;1531;13;3;45;1;1
60;925;428;3;7;1;1
18;770;116;3;13;1;1
24;13;422;3;56;1;1
37;293;1542;3;7;1;1
53;1103;314;3;8;1;1
29;480;99;3;17;1;1
14;445;1638;3;7;1;1
33;874;346;3;6;1;1
30;331;13;3;113;1;1
49;271;44;3;11;1;1
4;362;91;3;10;1;1
6;1576;104;3;11;1;1
15;855;2019;3;5;1;1
31;512;755;3;7;1;1
27;295;520;3;14;1;1
46;23;382;3;28;1;1
58;1248;26;3;29;1;1
32;19;928;3;11;1;1
11;899;287;3;13;1;1
49;1009;62;3;14;1;1
45;1746;64;3;15;1;1
12;9;1498;3;37;1;1
28;5;236;3;53;1;1
50;663;147;3;5;1;1
18;816;1635;3;5;1;1
8;741;275;3;11;1;1
27;80;97;3;33;1;1
17;26;1733;3;15;1;1
38;332;358;3;10;1;1
53;602;476;3;8;1;1
2;1852;141;3;8;1;1
31;1673;1075;3;5;1;1
8;181;52;3;37;1;1
31;755;670;3;10;1;1
57;1730;104;3;7;1;1
27;15;404;3;85;1;1
49;451;146;3;24;1;1
36;624;1573;3;7;1;1
50;67;629;3;9;1;1
31;138;1392;3;13;1;1
52;965;19;3;36;1;1
21;343;26;3;70;1;1
3;604;127;3;23;1;1
38;72;194;3;50;1;1
20;12;19;3;44;1;1
7;1550;1328;3;5;1;1
48;64;43;3;82;1;1
8;75;68;3;7;1;1
9;146;535;3;7;1;1
42;106;1210;3;13;1;1
33;9;1450;3;23;1;1
56;739;1771;3;5;1;1
22;1010;760;3;7;1;1
62;1131;850;3;5;1;1
38;1065;446;3;8;1;1
24;177;361;3;11;1;1
37;57;64;3;47;1;1
53;482;279;3;11;1;1
35;136;618;3;13;1;1
10;586;339;3;5;1;1
39;237;436;3;8;1;1
56;149;1365;3;6;1;1
16;6;90;3;107;1;1
11;551;634;3;9;1;1
34;86;606;3;9;1;1
43;603;489;3;13;1;1
10;217;190;3;15;1;1
19;18;404;3;45;1;1
24;3;1469;3;62;1;1
20;264;565;3;16;1;1
31;481;668;3;6;1;1
24;569;1452;3;6;1;1
41;212;9;3;122;1;1
35;770;338;3;11;1;1
56;32;117;3;106;1;1
38;1620;1315;3;5;1;1
31;93;655;3;21;1;1
22;479;57;3;12;1;1
36;1720;420;3;8;1;1
17;21;1280;3;22;1;1
25;366;345;3;14;1;1
25;187;1257;3;5;1;1
37;1320;32;3;17;1;1
41;309;608;3;14;1;1
55;115;1790;3;10;1;1
35;1259;941;3;5;1;1
25;324;311;3;12;1;1
60;176;236;3;19;1;1
15;349;30;3;37;1;1
63;378;66;3;20;1;1
2;34;1864;3;5;1;1
7;4;573;3;154;1;1
57;148;951;3;9;1;1
56;442;931;3;10;1;1
13;1695;18;3;29;1;1
1;483;1281;3;6;1;1
61;27;265;3;80;1;1
59;558;105;3;8;1;1
40;8;80;3;252;1;1
43;92;74;3;36;1;1
58;25;99;3;65;1;1
6;64;1014;3;13;1;1
33;837;269;3;12;1;1
37;199;59;3;5;1;1
35;370;449;3;15;1;1
11;224;399;3;13;1;1
61;531;1489;3;6;1;1
43;20;194;3;77;1;1
15;106;310;3;19;1;1
47;818;989;3;8;1;1
15;3;1351;3;60;1;1
48;199;941;3;9;1;1
42;181;419;3;19;1;1
42;1224;971;3;5;1;1
24;519;517;3;13;1;1
63;318;123;3;19;1;1
30;39;89;3;100;1;1
50;297;44;3;62;1;1
60;476;43;3;10;1;1
38;660;37;3;8;1;1
55;103;15;3;122;1;1
51;228;1073;3;7;1;1
63;1680;77;3;9;1;1
31;631;482;3;9;1;1
38;1042;4;3;47;1;1
23;57;18;3;123;1;1
42;36;474;3;51;1;1
27;104;33;3;100;1;1
42;262;80;3;44;1;1
6;369;1223;3;10;1;1
33;327;77;3;9;1;1
10;745;803;3;9;1;1
28;733;196;3;13;1;1
57;16;1365;3;8;1;1
55;290;935;3;6;1;1
2;48;147;3;33;1;1
50;365;211;3;5;1;1
45;1983;115;3;15;1;1
36;605;432;3;10;1;1
46;25;1181;3;29;1;1
13;658;218;3;6;1;1
34;757;291;3;5;1;1
50;1563;44;3;18;1;1
61;236;1926;3;6;1;1
18;13;617;3;51;1;1
28;81;10;3;138;1;1
58;1752;35;3;20;1;1
9;675;960;3;7;1;1
9;336;1482;3;9;1;1
10;196;1678;3;11;1;1
53;17;9;3;238;1;1
5;1602;226;3;5;1;1
52;1547;120;3;17;1;1
47;41;31;3;65;1;1
24;284;12;3;51;1;1
62;1318;572;3;7;1;1
3;1394;7;3;37;1;1
52;273;18;3;81;1;1
54;127;1330;3;15;1;1
7;527;1109;3;9;1;1
12;1828;27;3;27;1;1
60;28;297;3;19;1;1
21;216;177;3;25;1;1
24;174;56;3;21;1;1
32;1719;243;3;11;1;1
47;242;612;3;17;1;1
45;420;441;3;17;1;1
52;219;33;3;48;1;1
2;40;645;3;42;1;1
5;301;1795;3;6;1;1
64;245;1085;3;5;1;1
40;96;323;3;9;1;1
57;926;4;3;80;1;1
34;12;1495;3;48;1;1
42;4;257;3;122;1;1
10;9;104;3;29;1;1
41;155;28;3;31;1;1
58;416;642;3;10;1;1
28;277;790;3;12;1;1
61;370;1048;3;7;1;1
52;9;514;3;6;1;1
7;506;179;3;24;1;1
4;926;106;3;5;1;1
2;879;411;3;6;1;1
32;1119;379;3;6;1;1
36;776;319;3;12;1;1
40;179;500;3;16;1;1
21;642;691;3;9;1;1
14;111;1347;3;6;1;1
61;7;374;3;85;1;1
11;29;135;3;112;1;1
25;1242;119;3;7;1;1
15;1918;62;3;20;1;1
62;949;348;3;10;1;1
43;120;459;3;6;1;1
60;131;647;3;8;1;1
52;1119;865;3;5;1;1
47;616;25;3;24;1;1
60;803;94;3;11;1;1
53;360;607;3;6;1;1
1;304;1265;3;9;1;1
52;1250;318;3;11;1;1
7;1791;61;3;17;1;1
55;1277;25;3;23;1;1
33;7;789;3;7;1;1
8;540;753;3;6;1;1
35;223;119;3;39;1;1
25;14;796;3;11;1;1
43;129;1786;3;13;1;1
24;1673;443;3;7;1;1
6;481;978;3;7;1;1
20;19;1280;3;43;1;1
22;477;1830;3;7;1;1
26;1169;28;3;14;1;1
47;911;1957;3;5;1;1
41;454;1043;3;5;1;1
8;423;60;3;11;1;1
22;1600;107;3;7;1;1
53;105;1548;3;10;1;1
15;1138;13;3;35;1;1
9;1611;109;3;12;1;1
36;805;82;3;6;1;1
56;109;645;3;7;1;1
48;611;12;3;31;1;1
13;1487;1367;3;5;1;1
44;355;8;3;7;1;1
52;1084;940;3;7;1;1
9;1306;110;3;11;1;1
36;20;30;3;56;1;1
29;243;262;3;7;1;1
17;503;368;3;10;1;1
55;495;467;3;6;1;1
49;187;748;3;16;1;1
41;1552;699;3;5;1;1
58;104;866;3;7;1;1
57;489;47;3;30;1;1
17;571;74;3;13;1;1
32;1471;1074;3;5;1;1
35;877;210;3;11;1;1
29;71;204;3;39;1;1
25;511;386;3;11;1;1
8;8;1121;3;29;1;1
21;383;704;3;5;1;1
15;607;71;3;10;1;1
40;1397;7;3;27;1;1
29;64;62;3;29;1;1
35;140;1904;3;10;1;1
28;151;1023;3;7;1;1
33;45;759;3;7;1;1
26;269;965;3;14;1;1
5;748;214;3;17;1;1
39;111;1111;3;10;1;1
57;47;11;3;118;1;1
31;301;1150;3;9;1;1
18;1889;30;3;12;1;1
35;1064;841;3;5;1;1
29;134;156;3;11;1;1
41;136;40;3;18;1;1
20;510;17;3;36;1;1
3;195;76;3;51;1;1
26;228;21;3;73;1;1
18;544;1576;3;5;1;1
42;1185;540;3;9;1;1
28;6;280;3;42;1;1
56;1268;303;3;11;1;1
60;164;1098;3;7;1;1
28;57;633;3;15;1;1
27;557;228;3;5;1;1
19;34;145;3;29;1;1
7;35;20;3;222;1;1
37;509;567;3;13;1;1
58;140;136;3;41;1;1
27;529;92;3;28;1;1
40;6;278;3;74;1;1
41;26;979;3;5;1;1
25;157;370;3;14;1;1
57;142;1925;3;6;1;1
19;1967;238;3;10;1;1
42;125;184;3;26;1;1
28;1310;187;3;15;1;1
9;1156;224;3;5;1;1
42;12;371;3;89;1;1
7;1528;405;3;5;1;1
2;14;984;3;12;1;1
54;209;94;3;6;1;1
32;10;805;3;71;1;1
16;773;46;3;30;1;1
8;102;9;3;36;1;1
43;866;1329;3;6;1;1
45;14;222;3;25;1;1
16;319;1384;3;11;1;1
8;421;806;3;9;1;1
18;204;820;3;17;1;1
19;603;1362;3;5;1;1
24;358;1910;3;6;1;1
56;69;1275;3;14;1;1
8;86;32;3;5;1;1
49;13;359;3;30;1;1
25;1429;671;3;6;1;1
20;748;891;3;6;1;1
52;27;14;3;61;1;1
5;1295;213;3;14;1;1
45;213;471;3;15;1;1
25;451;17;3;74;1;1
11;1070;96;3;9;1;1
38;463;77;3;18;1;1
11;748;195;3;10;1;1
25;664;26;3;52;1;1
3;327;260;3;11;1;1
49;95;1628;3;11;1;1
37;116;11;3;85;1;1
4;141;272;3;8;1;1
61;8;22;3;34;1;1
55;1148;233;3;5;1;1
28;1489;6;3;25;1;1
58;767;26;3;34;1;1
57;958;211;3;11;1;1
26;1017;1983;3;5;1;1
33;374;289;3;15;1;1
15;343;175;3;19;1;1
7;545;134;3;6;1;1
28;621;207;3;7;1;1
52;222;6;3;120;1;1
28;1361;896;3;5;1;1
34;5;515;3;130;1;1
52;1602;197;3;13;1;1
61;3;54;3;162;1;1
15;1927;31;3;16;1;1
21;131;1517;3;10;1;1
35;20;195;3;99;1;1
38;1546;52;3;25;1;1
12;857;72;3;27;1;1
54;1519;19;3;36;1;1
12;1215;559;3;5;1;1
29;1454;180;3;6;1;1
54;211;639;3;7;1;1
63;78;98;3;59;1;1
53;668;574;3;8;1;1
21;7;125;3;65;1;1
19;262;293;3;14;1;1
48;17;1592;3;31;1;1
11;180;1104;3;16;1;1
22;773;820;3;6;1;1
12;302;2043;3;5;1;1
30;107;354;3;27;1;1
54;222;6;3;14;1;1
34;297;1400;3;9;1;1
3;14;645;3;76;1;1
10;48;458;3;43;1;1
12;146;31;3;84;1;1
32;1897;29;3;25;1;1
23;13;400;3;29;1;1
1;1371;56;3;19;1;1
1;1665;101;3;13;1;1
3;440;24;3;58;1;1
3;878;1971;3;5;1;1
18;1713;47;3;19;1;1
5;968;538;3;5;1;1
39;1291;23;3;7;1;1
23;22;1495;3;25;1;1
61;266;1755;3;8;1;1
37;376;17;3;51;1;1
1;466;1697;3;7;1;1
57;122;1719;3;9;1;1
20;1337;884;3;5;1;1
41;633;274;3;7;1;1
22;3;877;3;110;1;1
17;1494;1119;3;5;1;1
60;268;737;3;12;1;1
28;91;11;3;167;1;1
63;817;912;3;8;1;1
53;21;254;3;16;1;1
40;638;1016;3;6;1;1
3;11;1906;3;34;1;1
29;451;354;3;11;1;1
15;578;503;3;13;1;1
10;790;237;3;13;1;1
14;820;928;3;6;1;1
48;505;1318;3;7;1;1
30;699;351;3;14;1;1
1;9;2014;3;5;1;1
1;1193;117;3;10;1;1
53;84;854;3;26;1;1
63;35;1012;3;21;1;1
11;538;1371;3;6;1;1
44;138;594;3;6;1;1
36;531;827;3;6;1;1
49;132;1241;3;12;1;1
64;313;24;3;82;1;1
16;55;1537;3;5;1;1
43;438;255;3;12;1;1
28;12;1646;3;8;1;1
33;485;754;3;7;1;1
23;608;615;3;7;1;1
54;61;977;3;12;1;1
32;14;156;3;90;1;1
60;333;66;3;13;1;1
20;275;826;3;9;1;1
41;39;1260;3;19;1;1
38;1033;624;3;7;1;1
45;30;353;3;17;1;1
6;8;246;3;117;1;1
18;424;41;3;16;1;1
48;48;968;3;23;1;1
33;33;1317;3;29;1;1
54;135;8;3;63;1;1
7;597;217;3;15;1;1
51;442;864;3;8;1;1
31;489;332;3;8;1;1
24;1611;25;3;17;1;1
15;1230;1251;3;6;1;1
48;527;394;3;6;1;1
57;72;45;3;108;1;1
36;1978;14;3;19;1;1
52;78;1069;3;13;1;1
17;1730;155;3;12;1;1
22;1680;250;3;7;1;1
54;608;320;3;14;1;1
23;48;144;3;7;1;1
59;521;753;3;9;1;1
16;199;877;3;16;1;1
54;173;541;3;23;1;1
3;386;508;3;6;1;1
4;536;1347;3;6;1;1
38;18;825;3;19;1;1
21;39;1455;3;12;1;1
62;707;191;3;16;1;1
41;116;304;3;14;1;1
50;608;456;3;14;1;1
61;16;93;3;117;1;1
8;249;423;3;19;1;1
18;6;1528;3;75;1;1
45;2014;388;3;6;1;1
46;251;24;3;60;1;1
15;426;101;3;6;1;1
63;180;1313;3;15;1;1
26;251;1199;3;9;1;1
63;321;675;3;12;1;1
15;1728;33;3;9;1;1
13;7;216;3;48;1;1
51;450;649;3;10;1;1
29;72;291;3;44;1;1
25;382;1040;3;10;1;1
4;202;916;3;8;1;1
44;584;208;3;5;1;1
25;1020;592;3;7;1;1
28;88;18;3;143;1;1
34;35;594;3;5;1;1
63;60;452;3;19;1;1
3;1932;1045;3;5;1;1
28;984;21;3;50;1;1
48;965;138;3;16;1;1
36;44;12;3;7;1;1
16;383;495;3;16;1;1
5;377;1501;3;5;1;1
32;773;555;3;8;1;1
38;1149;1095;3;5;1;1
64;185;697;3;13;1;1
27;719;19;3;23;1;1
44;22;9;3;217;1;1
5;279;5;3;129;1;1
13;168;1815;3;11;1;1
64;1756;343;3;6;1;1
39;673;271;3;5;1;1
1;356;76;3;40;1;1
64;14;672;3;43;1;1
49;1448;900;3;5;1;1
3;26;816;3;37;1;1
33;1918;119;3;15;1;1
5;596;166;3;15;1;1
44;131;675;3;12;1;1
53;286;192;3;28;1;1
11;1932;29;3;7;1;1
24;1117;102;3;22;1;1
17;1366;943;3;5;1;1
43;54;270;3;13;1;1
7;534;1476;3;6;1;1
48;18;101;3;124;1;1
27;293;41;3;16;1;1
1;4;26;3;203;1;1
35;7;797;3;23;1;1
37;642;44;3;28;1;1
37;424;567;3;8;1;1
2;97;1733;3;17;1;1
59;273;296;3;24;1;1
62;13;1070;3;9;1;1
63;1459;60;3;16;1;1
3;622;220;3;16;1;1
41;161;322;3;6;1;1
17;243;632;3;14;1;1
56;1533;656;3;5;1;1
15;1897;102;3;5;1;1
2;54;2036;3;5;1;1
30;849;29;3;16;1;1
10;57;679;3;11;1;1
37;177;14;3;40;1;1
8;18;559;3;43;1;1
56;1819;252;3;6;1;1
39;733;953;3;8;1;1
59;119;876;3;15;1;1
11;488;338;3;11;1;1
52;4;253;3;113;1;1
48;141;1300;3;10;1;1
33;285;109;3;37;1;1
33;18;113;3;71;1;1
10;16;701;3;36;1;1
7;507;169;3;21;1;1
19;75;3;3;234;1;1
63;1855;802;3;6;1;1
19;399;1932;3;8;1;1
60;569;8;3;104;1;1
22;361;963;3;9;1;1
18;1219;76;3;21;1;1
20;582;1551;3;6;1;1
10;876;137;3;16;1;1
21;397;1459;3;5;1;1
27;132;32;3;80;1;1
10;1123;1584;3;5;1;1
4;469;1454;3;9;1;1
28;1193;47;3;24;1;1
56;648;7;3;68;1;1
59;11;1066;3;39;1;1
52;41;404;3;33;1;1
49;1906;11;3;24;1;1
50;843;4;3;48;1;1
11;136;1094;3;6;1;1
18;662;1469;3;5;1;1
51;205;345;3;5;1;1
31;85;244;3;50;1;1
22;578;154;3;17;1;1
27;326;1873;3;7;1;1
35;805;764;3;7;1;1
46;378;631;3;13;1;1
17;1415;724;3;5;1;1
24;631;475;3;6;1;1
42;463;1320;3;6;1;1
23;747;1106;3;8;1;1
43;192;420;3;9;1;1
5;11;12;3;195;1;1
42;302;40;3;16;1;1
53;244;214;3;5;1;1
39;110;239;3;16;1;1
14;11;1488;3;21;1;1
16;1820;5;3;27;1;1
61;108;140;3;5;1;1
17;1025;801;3;5;1;1
47;12;169;3;73;1;1
5;199;824;3;11;1;1
3;418;634;3;5;1;1
37;557;766;3;7;1;1
17;77;24;3;68;1;1
42;291;6;3;34;1;1
56;133;1814;3;15;1;1
12;36;323;3;39;1;1
12;1054;365;3;8;1;1
57;635;16;3;51;1;1
51;321;20;3;38;1;1
37;39;313;3;36;1;1
15;152;27;3;79;1;1
38;818;725;3;8;1;1
14;805;591;3;10;1;1
11;146;1790;3;14;1;1
40;51;115;3;94;1;1
24;880;1337;3;6;1;1
53;1578;11;3;34;1;1
12;7;371;3;81;1;1
49;83;158;3;24;1;1
20;174;13;3;87;1;1
31;5;993;3;54;1;1
54;87;584;3;33;1;1
10;37;127;3;6;1;1
32;672;194;3;9;1;1
4;974;108;3;12;1;1
23;1285;418;3;9;1;1
61;1151;1327;3;6;1;1
31;33;1051;3;24;1;1
21;181;1014;3;7;1;1
14;232;40;3;24;1;1
7;1070;968;3;5;1;1
37;5;1494;3;49;1;1
14;298;1905;3;8;1;1
29;867;162;3;19;1;1
39;468;20;3;50;1;1
48;14;1065;3;27;1;1
27;64;1532;3;21;1;1
23;660;1905;3;6;1;1
57;21;60;3;53;1;1
52;1017;62;3;18;1;1
17;56;1850;3;14;1;1
21;597;192;3;10;1;1
60;871;49;3;35;1;1
14;45;830;3;13;1;1
41;510;78;3;28;1;1
31;769;336;3;13;1;1
49;1282;161;3;15;1;1
18;81;56;3;47;1;1
63;221;785;3;17;1;1
19;1036;1183;3;5;1;1
38;128;505;3;9;1;1
7;1910;526;3;5;1;1
26;598;35;3;38;1;1
27;624;104;3;17;1;1
19;285;136;3;33;1;1
26;1534;67;3;17;1;1
45;903;1134;3;7;1;1
18;1390;91;3;13;1;1
57;1188;920;3;6;1;1
27;262;597;3;16;1;1
37;1084;256;3;11;1;1
24;3;1426;3;67;1;1
59;784;214;3;8;1;1
17;233;485;3;22;1;1
43;8;645;3;80;1;1
54;24;787;3;12;1;1
28;778;82;3;9;1;1
58;1645;99;3;14;1;1
35;184;1875;3;5;1;1
35;283;1862;3;9;1;1
59;544;120;3;22;1;1
56;258;34;3;40;1;1
35;41;241;3;31;1;1
53;162;1603;3;12;1;1
58;44;10;3;31;1;1
54;183;123;3;48;1;1
4;314;399;3;12;1;1
6;1451;274;3;5;1;1
15;55;1082;3;17;1;1
52;957;6;3;88;1;1
59;718;340;3;5;1;1
27;6;1854;3;65;1;1
41;1942;10;3;29;1;1
30;1693;481;3;8;1;1
10;178;143;3;11;1;1
47;1134;125;3;14;1;1
4;434;1242;3;5;1;1
15;764;349;3;7;1;1
11;38;22;3;172;1;1
53;224;585;3;6;1;1
8;1634;626;3;5;1;1
31;12;48;3;82;1;1
54;534;774;3;8;1;1
1;668;25;3;54;1;1
38;385;919;3;11;1;1
11;86;677;3;20;1;1
39;812;75;3;5;1;1
31;1461;149;3;11;1;1
32;246;947;3;5;1;1
4;974;78;3;26;1;1
34;1815;82;3;9;1;1
28;1655;21;3;14;1;1
61;743;98;3;15;1;1
55;196;1355;3;14;1;1
11;243;230;3;15;1;1
38;1597;311;3;10;1;1
15;173;4;3;211;1;1
35;585;95;3;24;1;1
16;1741;8;3;42;1;1
51;286;1666;3;7;1;1
3;90;58;3;43;1;1
34;57;34;3;48;1;1
19;960;789;3;5;1;1
25;74;842;3;17;1;1
14;449;1047;3;7;1;1
44;452;5;3;152;1;1
33;705;891;3;7;1;1
33;150;1129;3;16;1;1
31;156;639;3;19;1;1
50;149;34;3;54;1;1
58;337;721;3;6;1;1
38;7;1635;3;5;1;1
52;1683;4;3;6;1;1
19;1041;337;3;5;1;1
48;76;1218;3;15;1;1
22;27;1952;3;18;1;1
5;14;170;3;125;1;1
26;33;34;3;65;1;1
39;1347;1229;3;5;1;1
44;541;397;3;10;1;1
55;1386;757;3;7;1;1
27;185;292;3;11;1;1
34;527;723;3;11;1;1
50;962;1481;3;5;1;1
29;205;1096;3;7;1;1
16;38;94;3;23;1;1
39;649;217;3;17;1;1
21;1111;120;3;6;1;1
4;69;58;3;68;1;1
23;560;1326;3;7;1;1
32;1807;366;3;5;1;1
2;90;137;3;35;1;1
34;1252;3;3;35;1;1
50;1739;366;3;9;1;1
49;286;492;3;14;1;1
28;824;473;3;8;1;1
22;28;595;3;17;1;1
4;385;373;3;12;1;1
14;785;955;3;6;1;1
25;1604;335;3;5;1;1
8;365;8;3;63;1;1
24;81;439;3;17;1;1
25;1259;33;3;31;1;1
58;1285;53;3;8;1;1
21;1920;6;3;49;1;1
9;489;227;3;17;1;1
34;44;1395;3;7;1;1
44;899;4;3;122;1;1
42;49;41;3;104;1;1
50;6;151;3;141;1;1
64;620;140;3;9;1;1
50;107;993;3;9;1;1
54;139;17;3;23;1;1
9;432;1993;3;5;1;1
5;149;1371;3;16;1;1
26;67;960;3;16;1;1
51;186;31;3;16;1;1
25;1007;17;3;21;1;1
58;470;364;3;16;1;1
13;5;2008;3;30;1;1
30;840;1280;3;6;1;1
61;583;1475;3;8;1;1
12;212;1491;3;5;1;1
16;704;36;3;5;1;1
28;20;69;3;180;1;1
43;505;1885;3;5;1;1
28;3;693;3;48;1;1
32;3;1647;3;21;1;1
10;800;475;3;12;1;1
3;713;1584;3;5;1;1
30;1337;264;3;9;1;1
38;1667;208;3;5;1;1
63;367;1039;3;8;1;1
26;11;146;3;89;1;1
10;1239;519;3;5;1;1
57;125;113;3;25;1;1
46;558;100;3;30;1;1
55;80;90;3;42;1;1
40;232;168;3;16;1;1
20;335;442;3;14;1;1
33;1844;5;3;6;1;1
38;847;26;3;27;1;1
60;1182;242;3;5;1;1
45;762;9;3;55;1;1
16;314;1735;3;8;1;1
56;1297;110;3;11;1;1
16;563;15;3;34;1;1
38;1362;355;3;10;1;1
1;102;722;3;14;1;1
44;1950;137;3;14;1;1
59;326;824;3;12;1;1
45;1185;104;3;5;1;1
52;779;526;3;11;1;1
45;140;1606;3;14;1;1
22;4;62;3;99;1;1
6;65;2024;3;13;1;1
42;214;931;3;8;1;1
48;819;191;3;15;1;1
42;5;818;3;16;1;1
8;963;1070;3;5;1;1
14;1506;445;3;9;1;1
40;682;193;3;7;1;1
49;787;346;3;9;1;1
4;1228;1144;3;5;1;1
31;1126;240;3;5;1;1
11;359;206;3;23;1;1
14;882;167;3;14;1;1
61;9;391;3;44;1;1
2;1375;1081;3;5;1;1
31;224;1024;3;10;1;1
41;281;227;3;6;1;1
35;905;263;3;14;1;1
26;18;148;3;95;1;1
47;725;1048;3;6;1;1
8;1394;861;3;6;1;1
28;1084;1011;3;5;1;1
50;857;174;3;5;1;1
5;743;275;3;8;1;1
19;175;1445;3;5;1;1
11;509;380;3;8;1;1
46;99;1173;3;11;1;1
7;1987;158;3;8;1;1
50;38;1299;3;11;1;1
1;1681;401;3;8;1;1
62;1283;55;3;25;1;1
16;8;1084;3;23;1;1
22;784;131;3;14;1;1
11;7;552;3;50;1;1
29;174;316;3;6;1;1
57;24;300;3;31;1;1
15;30;1314;3;7;1;1
9;264;2001;3;9;1;1
55;731;21;3;47;1;1
36;344;1572;3;5;1;1
53;465;396;3;7;1;1
62;114;956;3;10;1;1
45;316;2036;3;5;1;1
15;552;377;3;11;1;1
48;434;391;3;6;1;1
6;79;1053;3;16;1;1
32;985;140;3;12;1;1
33;9;818;3;39;1;1
12;861;151;3;8;1;1
16;1158;34;3;7;1;1
27;13;1813;3;12;1;1
30;865;721;3;7;1;1
19;811;771;3;9;1;1
8;686;31;3;22;1;1
61;959;342;3;8;1;1
29;144;946;3;13;1;1
59;1086;18;3;43;1;1
58;36;1201;3;19;1;1
35;1959;18;3;39;1;1
43;971;1103;3;5;1;1
56;1254;39;3;27;1;1
2;127;2048;3;14;1;1
30;3;1444;3;51;1;1
10;561;15;3;27;1;1
30;1618;545;3;6;1;1
40;381;448;3;10;1;1
5;149;299;3;15;1;1
45;70;863;3;20;1;1
54;41;503;3;45;1;1
30;850;1014;3;7;1;1
32;395;1476;3;9;1;1
16;933;293;3;9;1;1
48;1400;26;3;32;1;1
26;411;24;3;74;1;1
8;224;162;3;17;1;1
51;118;10;3;108;1;1
57;525;534;3;7;1;1
36;259;1293;3;10;1;1
28;80;1401;3;19;1;1
6;137;828;3;9;1;1
36;34;24;3;78;1;1
43;251;152;3;38;1;1
38;826;118;3;23;1;1
8;926;365;3;9;1;1
4;28;1432;3;25;1;1
53;185;1270;3;11;1;1
57;369;149;3;14;1;1
5;5;559;3;51;1;1
37;3;160;3;41;1;1
57;1841;68;3;16;1;1
18;304;562;3;8;1;1
16;8;169;3;65;1;1
15;1347;24;3;31;1;1
44;207;417;3;6;1;1
6;1546;417;3;8;1;1
15;355;811;3;7;1;1
17;507;468;3;5;1;1
28;39;1633;3;23;1;1
56;850;393;3;9;1;1
27;599;740;3;7;1;1
4;670;47;3;21;1;1
47;1211;63;3;24;1;1
64;375;243;3;11;1;1
47;226;1323;3;10;1;1
16;181;1160;3;10;1;1
50;261;6;3;144;1;1
46;6;882;3;21;1;1
4;1449;54;3;24;1;1
40;1994;3;3;90;1;1
43;55;30;3;33;1;1
6;778;97;3;9;1;1
57;501;1447;3;5;1;1
50;826;906;3;6;1;1
22;448;524;3;8;1;1
59;22;128;3;28;1;1
19;140;155;3;41;1;1
46;180;817;3;12;1;1
43;104;9;3;141;1;1
31;21;639;3;47;1;1
64;132;1885;3;7;1;1
64;636;1269;3;5;1;1
26;1123;479;3;10;1;1
31;17;475;3;53;1;1
57;1453;18;3;10;1;1
34;678;1486;3;5;1;1
7;32;72;3;130;1;1
41;287;57;3;57;1;1
8;365;287;3;22;1;1
11;133;1137;3;6;1;1
23;1091;476;3;5;1;1
31;661;628;3;6;1;1
35;522;26;3;59;1;1
14;324;816;3;12;1;1
53;576;1931;3;7;1;1
31;1977;210;3;11;1;1
26;74;1681;3;9;1;1
11;396;1468;3;9;1;1
42;1984;51;3;12;1;1
40;305;1890;3;6;1;1
16;296;45;3;44;1;1
4;55;1886;3;22;1;1
12;25;29;3;56;1;1
14;386;400;3;15;1;1
60;639;13;3;47;1;1
35;1624;16;3;30;1;1
32;1160;272;3;13;1;1
39;668;1510;3;5;1;1
35;77;621;3;14;1;1
63;1825;249;3;8;1;1
55;520;790;3;5;1;1
18;679;383;3;13;1;1
61;12;123;3;164;1;1
43;73;129;3;19;1;1
57;72;298;3;16;1;1
30;21;393;3;64;1;1
63;205;40;3;58;1;1
19;1180;52;3;13;1;1
40;862;779;3;8;1;1
63;415;684;3;11;1;1
58;173;993;3;17;1;1
48;769;6;3;64;1;1
42;18;8;3;192;1;1
63;19;13;3;157;1;1
23;267;979;3;11;1;1
61;1963;110;3;9;1;1
25;282;339;3;5;1;1
11;35;1838;3;20;1;1
43;83;2036;3;17;1;1
16;516;882;3;5;1;1
14;523;79;3;21;1;1
10;489;65;3;27;1;1
46;150;832;3;6;1;1
40;30;386;3;18;1;1
36;34;189;3;31;1;1
36;11;139;3;54;1;1
62;67;64;3;72;1;1
30;8;344;3;48;1;1
22;85;947;3;18;1;1
45;289;1141;3;11;1;1
17;1748;161;3;6;1;1
30;94;12;3;94;1;1
55;940;449;3;10;1;1
53;946;622;3;9;1;1
64;16;1280;3;17;1;1
14;1672;124;3;11;1;1
62;530;136;3;16;1;1
59;6;576;3;60;1;1
40;905;1847;3;5;1;1
43;947;324;3;10;1;1
24;515;103;3;31;1;1
48;825;149;3;13;1;1
17;589;1769;3;6;1;1
19;1475;883;3;5;1;1
12;554;292;3;18;1;1
13;425;213;3;22;1;1
4;94;631;3;11;1;1
54;235;876;3;16;1;1
59;8;1684;3;60;1;1
15;1130;135;3;7;1;1
40;74;1351;3;17;1;1
1;40;626;3;29;1;1
40;630;1897;3;5;1;1
52;1141;60;3;8;1;1
29;16;981;3;29;1;1
33;1349;64;3;22;1;1
54;30;1278;3;6;1;1
1;814;324;3;5;1;1
7;236;612;3;7;1;1
15;11;286;3;67;1;1
41;1872;103;3;15;1;1
54;834;285;3;6;1;1
15;725;469;3;11;1;1
53;671;796;3;5;1;1
8;71;838;3;15;1;1
19;1655;155;3;6;1;1
48;197;90;3;33;1;1
37;432;95;3;14;1;1
24;184;122;3;32;1;1
21;829;114;3;6;1;1
22;15;930;3;16;1;1
61;88;17;3;177;1;1
38;986;287;3;10;1;1
52;234;466;3;9;1;1
35;246;337;3;9;1;1
2;420;1319;3;10;1;1
59;258;1421;3;8;1;1
2;10;109;3;63;1;1
56;16;695;3;20;1;1
43;393;597;3;5;1;1
33;499;109;3;6;1;1
16;607;1578;3;5;1;1
47;188;516;3;7;1;1
12;634;18;3;48;1;1
30;442;313;3;9;1;1
46;178;1522;3;7;1;1
19;71;285;3;17;1;1
46;1419;739;3;5;1;1
3;1956;195;3;8;1;1
33;15;464;3;58;1;1
40;12;1559;3;46;1;1
3;109;121;3;53;1;1
5;1716;3;3;63;1;1
63;329;1964;3;7;1;1
25;1143;143;3;13;1;1
56;972;643;3;5;1;1
49;416;51;3;25;1;1
6;105;1180;3;18;1;1
24;511;807;3;6;1;1
13;18;191;3;109;1;1
29;58;65;3;48;1;1
48;1727;1141;3;5;1;1
38;439;371;3;11;1;1
59;5;720;3;81;1;1
19;212;231;3;10;1;1
46;863;765;3;9;1;1
56;431;63;3;41;1;1
55;42;794;3;5;1;1
30;240;186;3;31;1;1
39;112;1456;3;12;1;1
33;797;301;3;15;1;1
23;9;1896;3;21;1;1
47;49;1919;3;17;1;1
6;277;168;3;17;1;1
30;1410;95;3;10;1;1
26;14;1046;3;27;1;1
61;386;265;3;13;1;1
50;849;23;3;27;1;1
58;1492;41;3;20;1;1
3;32;178;3;79;1;1
5;1281;45;3;19;1;1
31;858;64;3;19;1;1
33;198;318;3;26;1;1
8;137;4;3;227;1;1
16;3;435;3;152;1;1
19;440;5;3;43;1;1
13;326;1822;3;8;1;1
38;133;1085;3;13;1;1
38;234;540;3;5;1;1
48;693;1151;3;5;1;1
55;533;41;3;28;1;1
15;399;6;3;61;1;1
54;1529;137;3;15;1;1
24;13;337;3;92;1;1
13;1447;554;3;7;1;1
9;331;180;3;27;1;1
7;453;207;3;20;1;1
38;821;738;3;7;1;1
26;81;1431;3;17;1;1
45;21;1274;3;24;1;1
64;882;39;3;5;1;1
54;8;1855;3;54;1;1
43;563;310;3;11;1;1
17;94;1788;3;16;1;1
60;664;4;3;31;1;1
23;29;291;3;10;1;1
56;267;524;3;18;1;1
2;142;1796;3;8;1;1
16;1366;1529;3;5;1;1
52;72;1342;3;8;1;1
53;1126;297;3;11;1;1
59;113;2023;3;14;1;1
29;493;64;3;33;1;1
32;848;440;3;12;1;1
1;193;939;3;7;1;1
40;203;705;3;15;1;1
37;464;1086;3;9;1;1
59;638;4;3;84;1;1
33;64;119;3;33;1;1
43;1449;11;3;58;1;1
46;949;707;3;8;1;1
40;245;612;3;16;1;1
20;65;146;3;75;1;1
52;13;78;3;31;1;1
64;80;76;3;8;1;1
30;75;14;3;181;1;1
14;652;77;3;32;1;1
38;1723;1077;3;5;1;1
35;331;664;3;11;1;1
62;52;81;3;24;1;1
4;459;1806;3;7;1;1
4;1882;265;3;5;1;1
50;460;321;3;16;1;1
23;28;1969;3;6;1;1
21;772;40;3;28;1;1
34;35;485;3;29;1;1
31;71;399;3;31;1;1
52;1984;33;3;6;1;1
15;140;129;3;42;1;1
45;1610;63;3;21;1;1
45;1668;355;3;9;1;1
64;595;1035;3;6;1;1
56;252;1422;3;11;1;1
4;226;412;3;12;1;1
36;440;5;3;53;1;1
31;2029;71;3;11;1;1
5;482;415;3;8;1;1
10;1696;324;3;9;1;1
10;4;431;3;137;1;1
51;320;84;3;41;1;1
14;1440;24;3;6;1;1
58;1669;11;3;34;1;1
30;64;1420;3;17;1;1
18;428;1019;3;7;1;1
57;51;20;3;155;1;1
24;79;1873;3;13;1;1
10;12;109;3;177;1;1
63;534;139;3;27;1;1
57;415;1534;3;8;1;1
35;57;547;3;26;1;1
33;40;129;3;90;1;1
60;720;17;3;56;1;1
48;67;15;3;121;1;1
4;332;145;3;14;1;1
20;118;1682;3;12;1;1
14;1831;145;3;14;1;1
63;104;5;3;246;1;1
35;1597;78;3;8;1;1
10;1329;25;3;16;1;1
42;867;607;3;10;1;1
13;480;306;3;13;1;1
30;633;238;3;14;1;1
27;7;1750;3;7;1;1
40;715;69;3;7;1;1
39;349;141;3;6;1;1
24;82;1031;3;15;1;1
18;158;1695;3;11;1;1
18;311;307;3;7;1;1
26;238;77;3;12;1;1
19;5;856;3;104;1;1
28;583;55;3;8;1;1
9;360;6;3;55;1;1
8;146;88;3;31;1;1
15;15;383;3;25;1;1
8;585;30;3;50;1;1
45;1271;13;3;34;1;1
2;178;87;3;42;1;1
44;1292;247;3;10;1;1
49;71;1215;3;11;1;1
49;1407;185;3;11;1;1
49;145;353;3;20;1;1
59;2032;71;3;16;1;1
33;1837;67;3;13;1;1
41;49;882;3;23;1;1
19;405;189;3;7;1;1
37;301;595;3;17;1;1
40;34;6;3;196;1;1
40;402;561;3;8;1;1
9;1404;68;3;19;1;1
61;358;131;3;26;1;1
61;978;4;3;27;1;1
34;671;6;3;82;1;1
38;1418;315;3;8;1;1
10;198;1449;3;8;1;1
27;839;144;3;16;1;1
42;20;1138;3;37;1;1
64;20;1450;3;31;1;1
37;21;441;3;32;1;1
43;1036;450;3;7;1;1
35;14;39;3;103;1;1
2;274;68;3;21;1;1
15;1182;873;3;5;1;1
47;1450;52;3;21;1;1
57;261;1335;3;7;1;1
16;1073;582;3;9;1;1
9;755;1280;3;6;1;1
64;69;1095;3;18;1;1
31;95;37;3;88;1;1
50;625;1822;3;5;1;1
17;259;603;3;5;1;1
58;484;1073;3;9;1;1
21;333;1984;3;7;1;1
45;18;735;3;47;1;1
45;6;510;3;81;1;1
54;1822;26;3;13;1;1
54;639;1250;3;6;1;1
41;42;3;3;148;1;1
37;23;902;3;17;1;1
49;1790;16;3;28;1;1
60;24;1149;3;39;1;1
44;149;1815;3;6;1;1
30;136;231;3;14;1;1
57;1547;214;3;9;1;1
20;1402;766;3;5;1;1
44;1762;606;3;5;1;1
55;109;1429;3;16;1;1
17;36;1103;3;8;1;1
56;474;107;3;6;1;1
20;1713;707;3;5;1;1
45;10;239;3;89;1;1
54;268;1628;3;6;1;1
37;1175;335;3;7;1;1
20;910;138;3;11;1;1
42;252;1287;3;12;1;1
50;4;135;3;39;1;1
12;21;858;3;47;1;1
33;850;719;3;8;1;1
38;18;563;3;71;1;1
62;309;128;3;30;1;1
25;1042;2036;3;5;1;1
31;97;906;3;17;1;1
59;147;1344;3;13;1;1
5;370;95;3;17;1;1
41;418;1576;3;5;1;1
17;441;122;3;7;1;1
63;536;1380;3;5;1;1
60;411;857;3;5;1;1
18;268;600;3;18;1;1
43;96;199;3;48;1;1
60;484;213;3;7;1;1
44;39;1589;3;25;1;1
27;152;2030;3;10;1;1
15;435;127;3;20;1;1
12;156;19;3;88;1;1
3;134;169;3;37;1;1
56;282;818;3;5;1;1
34;1097;3;3;45;1;1
10;1011;11;3;62;1;1
34;983;22;3;34;1;1
6;13;49;3;173;1;1
16;286;1151;3;9;1;1
17;413;3;3;140;1;1
3;286;9;3;62;1;1
41;894;97;3;5;1;1
28;8;303;3;142;1;1
39;5;1486;3;40;1;1
47;271;131;3;27;1;1
5;1331;92;3;19;1;1
64;369;1042;3;6;1;1
13;761;309;3;11;1;1
13;203;877;3;11;1;1
56;280;5;3;57;1;1
9;344;238;3;18;1;1
16;259;4;3;24;1;1
7;3;353;3;24;1;1
27;625;501;3;5;1;1
8;1933;425;3;6;1;1
40;1304;30;3;23;1;1
14;85;19;3;121;1;1
17;467;648;3;8;1;1
33;45;1115;3;25;1;1
7;37;2044;3;16;1;1
50;1127;64;3;17;1;1
13;348;1513;3;10;1;1
13;28;735;3;30;1;1
41;20;662;3;17;1;1
37;1461;904;3;5;1;1
33;621;76;3;32;1;1
35;25;1134;3;37;1;1
46;1256;56;3;16;1;1
52;5;905;3;95;1;1
25;580;53;3;19;1;1
63;3;286;3;61;1;1
28;1973;73;3;7;1;1
21;946;1442;3;6;1;1
62;347;32;3;65;1;1
31;1638;129;3;8;1;1
3;1042;389;3;11;1;1
34;10;448;3;58;1;1
64;616;128;3;9;1;1
39;343;83;3;40;1;1
56;1738;47;3;25;1;1
11;636;1464;3;6;1;1
22;438;1725;3;5;1;1
49;1305;135;3;7;1;1
29;951;138;3;9;1;1
20;132;1446;3;17;1;1
7;350;131;3;32;1;1
2;896;373;3;11;1;1
53;360;298;3;17;1;1
51;1085;23;3;29;1;1
37;774;352;3;9;1;1
61;1007;290;3;9;1;1
31;548;8;3;41;1;1
49;509;484;3;13;1;1
38;1076;618;3;5;1;1
2;185;267;3;27;1;1
35;95;955;3;12;1;1
1;51;190;3;15;1;1
22;20;442;3;37;1;1
11;648;20;3;6;1;1
20;721;845;3;9;1;1
43;237;596;3;11;1;1
50;5;838;3;16;1;1
13;484;9;3;83;1;1
40;6;747;3;74;1;1
43;307;21;3;84;1;1
2;348;1693;3;6;1;1
60;27;296;3;44;1;1
17;1300;159;3;6;1;1
61;537;98;3;9;1;1
49;73;196;3;46;1;1
19;895;402;3;8;1;1
31;31;185;3;61;1;1
15;24;168;3;21;1;1
21;6;1705;3;9;1;1
20;676;203;3;6;1;1
48;85;220;3;49;1;1
33;607;407;3;6;1;1
24;307;1807;3;5;1;1
9;1223;576;3;7;1;1
30;1244;42;3;19;1;1
59;46;1548;3;10;1;1
17;63;1012;3;9;1;1
31;447;936;3;5;1;1
23;819;200;3;14;1;1
56;66;111;3;83;1;1
14;21;687;3;10;1;1
12;678;99;3;17;1;1
27;492;1084;3;8;1;1
6;1508;45;3;16;1;1
51;33;145;3;48;1;1
8;1033;274;3;14;1;1
47;1903;176;3;12;1;1
7;967;9;3;44;1;1
59;592;1231;3;7;1;1
45;294;510;3;14;1;1
63;410;1266;3;8;1;1
9;692;6;3;49;1;1
1;1074;456;3;5;1;1
12;123;930;3;10;1;1
58;25;71;3;152;1;1
62;19;744;3;36;1;1
19;271;1805;3;6;1;1
26;1267;376;3;5;1;1
16;262;3;3;62;1;1
41;132;508;3;25;1;1
19;891;1375;3;5;1;1
17;449;42;3;17;1;1
34;1248;35;3;9;1;1
51;181;29;3;58;1;1
41;507;1234;3;7;1;1
33;1488;6;3;64;1;1
49;126;1081;3;6;1;1
5;360;1284;3;10;1;1
28;199;615;3;12;1;1
12;59;411;3;28;1;1
47;231;263;3;7;1;1
59;404;35;3;14;1;1
52;1988;580;3;5;1;1
11;844;174;3;15;1;1
42;5;1543;3;16;1;1
7;322;49;3;33;1;1
29;42;334;3;35;1;1
32;10;582;3;64;1;1
13;22;1496;3;37;1;1
4;1645;97;3;15;1;1
20;30;158;3;102;1;1
22;1331;473;3;5;1;1
41;1291;3;3;60;1;1
8;69;25;3;62;1;1
64;334;1662;3;10;1;1
16;142;428;3;8;1;1
30;958;639;3;5;1;1
37;119;306;3;8;1;1
37;95;396;3;20;1;1
40;1653;143;3;7;1;1
36;1069;18;3;49;1;1
30;1037;233;3;13;1;1
40;163;112;3;48;1;1
2;463;284;3;9;1;1
26;328;607;3;6;1;1
12;1329;80;3;8;1;1
15;7;713;3;16;1;1
42;23;4;3;160;1;1
1;68;598;3;29;1;1
58;585;4;3;111;1;1
37;1768;264;3;7;1;1
42;1738;617;3;7;1;1
34;298;31;3;26;1;1
20;29;299;3;35;1;1
54;159;1676;3;12;1;1
9;178;1392;3;12;1;1
48;105;254;3;17;1;1
1;569;1849;3;7;1;1
39;162;83;3;8;1;1
42;27;76;3;34;1;1
41;720;822;3;5;1;1
20;15;63;3;191;1;1
41;58;97;3;6;1;1
29;129;96;3;22;1;1
44;281;1537;3;11;1;1
18;1174;485;3;5;1;1
36;58;1286;3;14;1;1
21;1767;109;3;7;1;1
19;10;837;3;39;1;1
33;182;85;3;8;1;1
16;3;186;3;111;1;1
43;824;1294;3;7;1;1
29;1333;20;3;24;1;1
37;1349;19;3;40;1;1
50;39;36;3;112;1;1
9;106;756;3;20;1;1
56;590;981;3;5;1;1
37;397;877;3;10;1;1
48;150;744;3;15;1;1
33;321;951;3;7;1;1
46;11;1553;3;28;1;1
7;828;593;3;10;1;1
7;952;56;3;31;1;1
5;1776;249;3;5;1;1
56;122;1346;3;14;1;1
44;892;21;3;12;1;1
1;1279;13;3;5;1;1
52;237;230;3;21;1;1
19;1079;373;3;10;1;1
51;308;745;3;13;1;1
60;45;432;3;16;1;1
5;96;106;3;37;1;1
34;578;618;3;6;1;1
10;20;29;3;17;1;1
62;1138;48;3;13;1;1
28;639;11;3;51;1;1
15;464;20;3;13;1;1
30;1401;950;3;6;1;1
43;1383;5;3;37;1;1
51;94;1530;3;19;1;1
60;3;1147;3;97;1;1
35;473;944;3;5;1;1
26;877;40;3;26;1;1
49;232;195;3;6;1;1
28;876;669;3;8;1;1
11;1081;24;3;41;1;1
14;936;593;3;5;1;1
48;219;1611;3;5;1;1
57;1143;331;3;9;1;1
57;1270;125;3;16;1;1
31;1232;54;3;14;1;1
7;155;1412;3;14;1;1
5;260;483;3;14;1;1
35;620;1826;3;6;1;1
58;621;12;3;66;1;1
26;1095;39;3;23;1;1
3;425;264;3;7;1;1
24;1753;15;3;32;1;1
5;5;1451;3;26;1;1
28;1051;436;3;5;1;1
61;191;645;3;17;1;1
17;40;653;3;46;1;1
35;494;62;3;28;1;1
61;6;996;3;17;1;1
35;90;120;3;17;1;1
19;1637;1108;3;5;1;1
64;1815;189;3;10;1;1
55;959;57;3;15;1;1
11;798;204;3;9;1;1
64;226;196;3;31;1;1
38;1296;5;3;53;1;1
8;455;176;3;25;1;1
21;528;1585;3;6;1;1
19;82;1537;3;18;1;1
37;360;229;3;15;1;1
6;1425;345;3;6;1;1
39;1033;567;3;8;1;1
10;162;404;3;28;1;1
14;328;1165;3;8;1;1
21;38;1870;3;24;1;1
5;1196;143;3;15;1;1
44;930;1052;3;5;1;1
2;195;1548;3;5;1;1
39;1257;177;3;8;1;1
9;69;353;3;34;1;1
24;748;26;3;40;1;1
33;1202;224;3;14;1;1
32;1775;6;3;49;1;1
35;86;1480;3;18;1;1
41;24;1755;3;18;1;1
46;173;1880;3;6;1;1
55;1165;140;3;9;1;1
57;4;881;3;90;1;1
45;1634;149;3;11;1;1
36;374;492;3;6;1;1
49;797;1056;3;8;1;1
53;114;751;3;22;1;1
13;47;89;3;87;1;1
31;77;13;3;140;1;1
28;171;19;3;82;1;1
37;622;103;3;16;1;1
10;184;87;3;42;1;1
45;1026;2018;3;5;1;1
34;1676;96;3;12;1;1
31;1801;66;3;13;1;1
40;648;126;3;26;1;1
58;1888;107;3;11;1;1
15;1561;130;3;13;1;1
40;5;101;3;26;1;1
11;591;653;3;11;1;1
24;595;379;3;9;1;1
28;415;313;3;18;1;1
31;1089;391;3;9;1;1
24;156;197;3;18;1;1
36;8;57;3;62;1;1
40;83;636;3;31;1;1
30;200;468;3;16;1;1
50;162;1131;3;6;1;1
33;2002;202;3;6;1;1
58;395;252;3;20;1;1
11;1197;8;3;76;1;1
63;713;41;3;26;1;1
45;321;718;3;15;1;1
34;743;1257;3;5;1;1
50;565;670;3;11;1;1
30;1808;803;3;6;1;1
27;1686;57;3;15;1;1
33;526;1389;3;8;1;1
44;358;101;3;5;1;1
33;2004;34;3;7;1;1
3;609;71;3;15;1;1
40;974;1980;3;5;1;1
51;13;1430;3;47;1;1
15;560;10;3;98;1;1
11;806;880;3;7;1;1
56;1066;546;3;6;1;1
19;21;657;3;63;1;1
43;125;2037;3;10;1;1
44;575;949;3;6;1;1
34;1469;159;3;8;1;1
36;443;474;3;15;1;1
23;51;580;3;37;1;1
36;873;212;3;14;1;1
14;719;1310;3;6;1;1
35;905;123;3;14;1;1
61;310;123;3;35;1;1
37;78;19;3;95;1;1
13;1514;125;3;10;1;1
39;242;108;3;30;1;1
46;1598;507;3;6;1;1
24;1171;38;3;24;1;1
55;46;64;3;21;1;1
63;1683;917;3;5;1;1
14;22;573;3;49;1;1
50;62;275;3;47;1;1
58;108;1708;3;10;1;1
63;302;960;3;10;1;1
2;274;31;3;28;1;1
16;1653;60;3;23;1;1
15;447;395;3;11;1;1
26;262;1626;3;10;1;1
35;23;1159;3;35;1;1
7;1731;338;3;8;1;1
21;29;264;3;18;1;1
50;100;844;3;17;1;1
56;763;1742;3;6;1;1
24;2008;6;3;65;1;1
20;28;306;3;70;1;1
5;940;490;3;5;1;1
50;455;30;3;9;1;1
62;482;485;3;5;1;1
28;334;1380;3;8;1;1
31;199;998;3;11;1;1
64;165;115;3;31;1;1
49;63;9;3;205;1;1
36;416;1647;3;5;1;1
23;1192;64;3;18;1;1
52;997;44;3;27;1;1
56;328;378;3;5;1;1
31;255;160;3;35;1;1
30;116;825;3;11;1;1
55;749;253;3;10;1;1
62;332;88;3;41;1;1
8;224;1276;3;10;1;1
11;210;981;3;15;1;1
62;1544;929;3;6;1;1
38;59;503;3;13;1;1
8;1746;201;3;10;1;1
7;175;510;3;24;1;1
49;1129;156;3;16;1;1
59;523;290;3;11;1;1
34;18;296;3;74;1;1
3;133;872;3;17;1;1
33;1736;181;3;6;1;1
27;10;240;3;113;1;1
26;6;42;3;9;1;1
19;60;6;3;70;1;1
18;47;31;3;9;1;1
39;313;252;3;15;1;1
1;88;1932;3;8;1;1
24;8;188;3;26;1;1
1;919;91;3;16;1;1
17;22;1004;3;41;1;1
56;265;639;3;5;1;1
17;158;112;3;37;1;1
36;169;58;3;15;1;1
20;10;1356;3;7;1;1
58;1437;27;3;8;1;1
41;3;137;3;189;1;1
17;231;1430;3;5;1;1
2;434;16;3;56;1;1
38;130;258;3;34;1;1
9;1031;33;3;37;1;1
53;1162;503;3;9;1;1
34;782;135;3;14;1;1
43;342;127;3;21;1;1
11;317;927;3;5;1;1
44;724;1051;3;7;1;1
60;628;1065;3;8;1;1
61;82;26;3;25;1;1
2;331;49;3;28;1;1
1;1093;580;3;8;1;1
12;19;370;3;70;1;1
51;1498;343;3;10;1;1
2;1193;210;3;9;1;1
3;31;90;3;40;1;1
12;574;1206;3;6;1;1
6;75;1881;3;7;1;1
27;300;1278;3;11;1;1
46;1847;26;3;14;1;1
18;194;426;3;19;1;1
4;650;1124;3;6;1;1
57;1227;1403;3;5;1;1
16;1270;1262;3;5;1;1
44;860;1169;3;6;1;1
36;721;985;3;8;1;1
61;546;1130;3;7;1;1
11;357;818;3;11;1;1
59;1818;27;3;22;1;1
54;1380;285;3;9;1;1
23;154;1439;3;15;1;1
39;17;461;3;55;1;1
17;3;221;3;122;1;1
54;1345;973;3;6;1;1
2;137;235;3;29;1;1
64;168;196;3;32;1;1
15;334;223;3;20;1;1
23;138;635;3;7;1;1
29;590;627;3;8;1;1
10;282;4;3;100;1;1
22;428;1023;3;9;1;1
5;1212;695;3;6;1;1
50;1360;458;3;9;1;1
21;1298;699;3;7;1;1
10;83;665;3;15;1;1
51;68;446;3;27;1;1
38;287;9;3;63;1;1
40;7;510;3;73;1;1
63;27;205;3;40;1;1
41;266;871;3;9;1;1
43;193;1510;3;8;1;1
57;8;775;3;36;1;1
2;5;259;3;146;1;1
55;59;414;3;42;1;1
5;4;1046;3;106;1;1
12;431;157;3;27;1;1
39;414;699;3;11;1;1
25;1689;604;3;7;1;1
31;1992;11;3;12;1;1
18;1161;25;3;24;1;1
21;446;37;3;33;1;1
14;210;488;3;15;1;1
54;223;3;3;142;1;1
35;1704;500;3;5;1;1
31;32;465;3;47;1;1
9;884;1239;3;7;1;1
42;1841;286;3;10;1;1
55;358;74;3;41;1;1
41;808;245;3;15;1;1
18;36;197;3;54;1;1
62;1096;1291;3;6;1;1
25;333;41;3;44;1;1
29;795;116;3;5;1;1
36;215;34;3;80;1;1
58;374;1072;3;7;1;1
29;791;1098;3;7;1;1
25;7;275;3;46;1;1
31;1482;295;3;6;1;1
30;8;201;3;153;1;1
63;25;71;3;107;1;1
28;659;673;3;8;1;1
43;854;150;3;13;1;1
32;791;1178;3;7;1;1
29;9;1367;3;28;1;1
52;1859;319;3;5;1;1
56;274;2038;3;5;1;1
30;1808;46;3;10;1;1
64;971;250;3;14;1;1
21;31;336;3;63;1;1
25;972;576;3;9;1;1
9;70;108;3;31;1;1
13;18;306;3;100;1;1
56;1890;268;3;6;1;1
63;891;22;3;22;1;1
13;67;162;3;59;1;1
46;78;10;3;217;1;1
60;237;1577;3;6;1;1
59;3;1550;3;10;1;1
17;135;1965;3;13;1;1
17;5;150;3;43;1;1
55;101;784;3;24;1;1
18;1837;963;3;5;1;1
41;237;720;3;10;1;1
9;328;15;3;46;1;1
15;1292;636;3;6;1;1
40;1228;79;3;12;1;1
19;1892;338;3;7;1;1
37;27;668;3;54;1;1
13;1923;49;3;9;1;1
47;16;1071;3;34;1;1
29;855;443;3;9;1;1
13;1398;11;3;41;1;1
52;970;59;3;26;1;1
16;45;211;3;11;1;1
21;94;372;3;17;1;1
28;238;535;3;10;1;1
32;96;1711;3;11;1;1
9;760;360;3;8;1;1
8;286;442;3;16;1;1
7;64;482;3;7;1;1
50;916;39;3;5;1;1
42;1911;324;3;8;1;1
36;1230;626;3;6;1;1
50;1180;496;3;6;1;1
62;3;1259;3;9;1;1
48;8;1115;3;5;1;1
4;42;332;3;33;1;1
40;62;1276;3;22;1;1
15;277;279;3;6;1;1
11;1997;149;3;12;1;1
51;15;1573;3;22;1;1
59;12;52;3;239;1;1
9;1656;385;3;9;1;1
28;1451;755;3;5;1;1
52;418;558;3;13;1;1
39;580;1122;3;8;1;1
62;56;27;3;112;1;1
54;1317;31;3;26;1;1
38;92;1537;3;10;1;1
46;471;1506;3;7;1;1
35;6;393;3;31;1;1
36;841;48;3;12;1;1
50;1812;96;3;8;1;1
51;1204;917;3;7;1;1
11;1234;137;3;13;1;1
53;364;242;3;9;1;1
19;232;280;3;18;1;1
9;23;107;3;55;1;1
60;47;135;3;66;1;1
24;525;5;3;139;1;1
42;107;1294;3;18;1;1
33;76;207;3;18;1;1
21;1015;19;3;49;1;1
62;38;56;3;36;1;1
46;887;949;3;8;1;1
50;102;704;3;21;1;1
34;1243;916;3;5;1;1
5;1331;821;3;6;1;1
64;612;1190;3;8;1;1
61;273;238;3;29;1;1
45;1374;76;3;20;1;1
30;9;268;3;120;1;1
32;700;31;3;17;1;1
59;212;1851;3;7;1;1
36;114;180;3;16;1;1
40;376;807;3;13;1;1
6;690;960;3;7;1;1
51;105;1950;3;14;1;1
63;5;1574;3;71;1;1
24;69;225;3;5;1;1
56;1154;577;3;8;1;1
61;62;1452;3;8;1;1
24;358;5;3;55;1;1
64;686;1365;3;7;1;1
54;172;277;3;15;1;1
52;298;26;3;68;1;1
62;776;1691;3;6;1;1
37;187;223;3;15;1;1
8;763;109;3;15;1;1
40;429;1288;3;8;1;1
58;1397;76;3;5;1;1
40;1749;334;3;6;1;1
64;225;940;3;15;1;1
58;1652;1049;3;5;1;1
20;1504;117;3;7;1;1
42;73;816;3;13;1;1
43;222;302;3;24;1;1
25;28;1319;3;34;1;1
46;257;455;3;11;1;1
5;161;260;3;31;1;1
53;1444;244;3;11;1;1
62;1311;368;3;5;1;1
6;599;291;3;16;1;1
24;142;1463;3;5;1;1
55;324;869;3;9;1;1
31;205;74;3;53;1;1
31;233;673;3;14;1;1
22;885;1277;3;6;1;1
49;380;294;3;6;1;1
19;1834;594;3;5;1;1
5;128;370;3;34;1;1
35;789;615;3;5;1;1
18;352;1165;3;6;1;1
63;135;1701;3;9;1;1
13;1579;71;3;14;1;1
8;489;771;3;9;1;1
23;324;1951;3;5;1;1
6;30;1803;3;5;1;1
21;418;847;3;10;1;1
42;1408;22;3;8;1;1
13;278;1199;3;6;1;1
5;387;1883;3;8;1;1
17;816;271;3;5;1;1
17;625;10;3;80;1;1
53;116;759;3;8;1;1
43;7;275;3;145;1;1
56;627;1736;3;7;1;1
41;323;1360;3;6;1;1
57;726;120;3;10;1;1
37;84;301;3;6;1;1
11;36;2048;3;7;1;1
60;4;1202;3;76;1;1
28;9;5;3;192;1;1
55;1568;87;3;13;1;1
30;952;170;3;14;1;1
48;283;147;3;20;1;1
42;78;1497;3;18;1;1
50;12;46;3;248;1;1
46;75;269;3;47;1;1
50;242;265;3;19;1;1
24;935;1820;3;5;1;1
16;348;539;3;17;1;1
24;1319;6;3;41;1;1
63;1973;77;3;17;1;1
8;17;827;3;7;1;1
13;304;514;3;8;1;1
58;566;57;3;37;1;1
34;53;1360;3;11;1;1
28;968;103;3;17;1;1
43;204;13;3;47;1;1
39;1006;368;3;5;1;1
15;631;1727;3;6;1;1
36;203;1203;3;13;1;1
37;438;360;3;7;1;1
19;230;56;3;21;1;1
6;43;29;3;39;1;1
53;19;52;3;35;1;1
40;185;1128;3;10;1;1
22;5;861;3;68;1;1
39;356;672;3;7;1;1
5;279;1582;3;8;1;1
42;517;1937;3;5;1;1
30;213;524;3;6;1;1
42;50;360;3;24;1;1
44;1688;87;3;9;1;1
15;1438;171;3;9;1;1
38;1548;25;3;13;1;1
47;1424;12;3;19;1;1
25;910;1036;3;7;1;1
13;290;349;3;14;1;1
62;51;912;3;22;1;1
64;205;1283;3;14;1;1
41;88;44;3;37;1;1
58;952;121;3;14;1;1
61;1026;42;3;28;1;1
32;25;9;3;120;1;1
11;1771;576;3;6;1;1
43;236;985;3;6;1;1
4;1891;1116;3;5;1;1
37;296;1766;3;7;1;1
19;194;9;3;76;1;1
57;121;8;3;52;1;1
30;692;314;3;14;1;1
51;662;76;3;19;1;1
12;2001;255;3;6;1;1
45;1198;376;3;6;1;1
64;883;4;3;110;1;1
54;110;1004;3;15;1;1
12;163;81;3;45;1;1
57;261;939;3;14;1;1
7;1827;86;3;10;1;1
44;58;873;3;16;1;1
28;133;1639;3;15;1;1
62;136;77;3;16;1;1
61;593;1419;3;8;1;1
55;167;12;3;158;1;1
16;1594;256;3;5;1;1
53;9;334;3;71;1;1
21;1284;319;3;8;1;1
21;152;1044;3;11;1;1
5;1771;9;3;18;1;1
23;58;1750;3;15;1;1
30;67;1405;3;19;1;1
46;245;204;3;10;1;1
46;415;1786;3;8;1;1
61;538;1785;3;7;1;1
17;7;408;3;58;1;1
40;591;107;3;18;1;1
21;1335;14;3;9;1;1
42;1480;226;3;10;1;1
13;30;1081;3;40;1;1
40;965;60;3;11;1;1
62;1013;827;3;8;1;1
4;651;24;3;25;1;1
39;1079;1464;3;5;1;1
13;152;823;3;19;1;1
7;33;8;3;190;1;1
56;60;789;3;9;1;1
13;1483;78;3;16;1;1
16;23;304;3;24;1;1
40;263;168;3;24;1;1
27;1207;279;3;11;1;1
55;884;1590;3;6;1;1
2;1001;118;3;14;1;1
7;1535;316;3;9;1;1
32;1023;871;3;5;1;1
37;955;8;3;36;1;1
1;604;123;3;27;1;1
7;423;582;3;12;1;1
30;1219;553;3;9;1;1
21;50;703;3;35;1;1
61;217;78;3;27;1;1
31;101;39;3;20;1;1
64;1197;183;3;10;1;1
11;1034;1131;3;5;1;1
14;102;224;3;10;1;1
47;161;336;3;18;1;1
2;48;23;3;69;1;1
30;1012;82;3;19;1;1
11;314;178;3;24;1;1
43;162;19;3;38;1;1
5;321;1516;3;8;1;1
11;237;181;3;17;1;1
2;272;1172;3;10;1;1
27;1732;273;3;10;1;1
4;735;467;3;10;1;1
33;274;238;3;10;1;1
41;141;595;3;25;1;1
48;583;287;3;13;1;1
60;12;1887;3;45;1;1
5;1601;36;3;14;1;1
13;352;1631;3;9;1;1
34;1889;543;3;6;1;1
36;228;60;3;34;1;1
26;489;508;3;5;1;1
37;1158;614;3;6;1;1
50;108;424;3;9;1;1
14;75;855;3;27;1;1
10;1854;69;3;6;1;1
25;991;73;3;8;1;1
7;334;364;3;13;1;1
55;4;555;3;107;1;1
21;492;447;3;12;1;1
63;104;1807;3;7;1;1
38;457;665;3;13;1;1
39;1860;836;3;5;1;1
50;108;414;3;23;1;1
55;456;102;3;11;1;1
19;263;1536;3;5;1;1
64;1499;1214;3;5;1;1
50;1118;346;3;9;1;1
12;1552;12;3;14;1;1
57;2041;937;3;5;1;1
5;10;471;3;96;1;1
8;82;58;3;70;1;1
22;1087;154;3;6;1;1
31;394;134;3;31;1;1
22;734;26;3;20;1;1
60;160;71;3;43;1;1
52;87;839;3;5;1;1
49;1721;8;3;35;1;1
64;1935;69;3;8;1;1
20;103;708;3;18;1;1
11;190;313;3;13;1;1
5;1524;310;3;6;1;1
42;176;1202;3;15;1;1
64;1459;986;3;6;1;1
56;890;170;3;17;1;1
19;1822;3;3;7;1;1
45;784;101;3;22;1;1
59;976;339;3;8;1;1
44;1482;167;3;12;1;1
62;402;1173;3;6;1;1
21;13;1056;3;14;1;1
1;331;808;3;10;1;1
32;777;11;3;62;1;1
40;270;1142;3;6;1;1
43;5;302;3;58;1;1
48;1774;59;3;12;1;1
5;882;275;3;10;1;1
54;1791;348;3;8;1;1
50;654;136;3;6;1;1
41;56;30;3;88;1;1
11;272;699;3;16;1;1
23;913;152;3;13;1;1
32;5;1991;3;18;1;1
64;65;1914;3;8;1;1
32;515;196;3;23;1;1
21;1912;191;3;11;1;1
1;356;135;3;16;1;1
38;33;393;3;61;1;1
7;903;488;3;7;1;1
57;313;1435;3;10;1;1
12;50;425;3;45;1;1
4;1559;543;3;5;1;1
51;399;759;3;6;1;1
3;775;1204;3;5;1;1
13;257;7;3;124;1;1
38;794;1184;3;7;1;1
64;18;273;3;30;1;1
56;455;96;3;31;1;1
11;44;575;3;11;1;1
45;71;670;3;19;1;1
33;11;325;3;110;1;1
58;1584;22;3;24;1;1
18;192;449;3;20;1;1
50;594;7;3;27;1;1
13;20;533;3;39;1;1
53;1940;988;3;5;1;1
55;1794;331;3;7;1;1
29;18;27;3;173;1;1
6;501;260;3;6;1;1
39;624;2007;3;5;1;1
31;219;503;3;19;1;1
10;132;586;3;23;1;1
33;1923;176;3;5;1;1
30;125;9;3;64;1;1
6;181;1293;3;9;1;1
12;970;1880;3;5;1;1
15;1306;344;3;7;1;1
7;284;985;3;7;1;1
5;1762;33;3;9;1;1
47;1368;149;3;7;1;1
41;71;45;3;67;1;1
4;626;540;3;7;1;1
16;66;363;3;11;1;1
6;280;1164;3;6;1;1
40;92;102;3;6;1;1
11;619;245;3;17;1;1
23;278;8;3;26;1;1
19;414;1268;3;10;1;1
26;517;687;3;9;1;1
14;465;5;3;18;1;1
7;872;403;3;12;1;1
3;163;150;3;37;1;1
19;38;1472;3;11;1;1
1;302;1455;3;5;1;1
4;48;1048;3;16;1;1
13;20;727;3;8;1;1
3;142;161;3;42;1;1
39;141;281;3;23;1;1
14;691;1214;3;7;1;1
16;1317;250;3;10;1;1
33;39;249;3;46;1;1
57;10;225;3;21;1;1
35;316;1413;3;9;1;1
45;33;29;3;228;1;1
30;333;1928;3;7;1;1
49;509;126;3;25;1;1
17;43;547;3;5;1;1
3;121;97;3;17;1;1
62;237;5;3;181;1;1
61;2031;204;3;11;1;1
45;81;1040;3;24;1;1
34;878;193;3;12;1;1
35;1466;49;3;7;1;1
50;139;684;3;12;1;1
12;1297;98;3;10;1;1
56;1200;64;3;8;1;1
33;92;309;3;15;1;1
32;289;997;3;7;1;1
51;42;194;3;64;1;1
19;474;147;3;10;1;1
17;174;106;3;48;1;1
17;2041;20;3;36;1;1
45;1128;8;3;8;1;1
2;47;112;3;78;1;1
61;140;698;3;8;1;1
41;673;61;3;5;1;1
36;472;1903;3;6;1;1
15;546;1248;3;8;1;1
28;94;1365;3;8;1;1
53;1692;817;3;6;1;1
15;261;16;3;23;1;1
37;1616;355;3;9;1;1
62;1381;755;3;6;1;1
64;131;279;3;18;1;1
45;74;460;3;38;1;1
31;7;288;3;137;1;1
34;909;831;3;8;1;1
41;1572;7;3;33;1;1
54;469;127;3;16;1;1
27;17;87;3;98;1;1
45;33;149;3;68;1;1
9;1336;169;3;13;1;1
4;1776;583;3;7;1;1
28;1838;482;3;6;1;1
46;106;112;3;14;1;1
26;12;93;3;142;1;1
7;12;1100;3;8;1;1
29;7;653;3;109;1;1
42;302;285;3;16;1;1
44;3;1183;3;33;1;1
64;1100;103;3;5;1;1
22;864;229;3;8;1;1
31;654;64;3;22;1;1
8;1838;541;3;6;1;1
17;213;737;3;10;1;1
49;14;1029;3;13;1;1
46;733;1182;3;6;1;1
28;146;174;3;22;1;1
13;50;1139;3;9;1;1
17;351;1829;3;5;1;1
27;141;907;3;18;1;1
46;897;89;3;19;1;1
42;79;1450;3;9;1;1
47;1157;276;3;12;1;1
51;63;24;3;154;1;1
19;1144;273;3;10;1;1
5;296;5;3;129;1;1
19;97;1301;3;11;1;1
46;73;49;3;56;1;1
24;268;350;3;21;1;1
22;649;1856;3;6;1;1
62;965;324;3;5;1;1
18;185;1453;3;7;1;1
52;1419;5;3;19;1;1
55;212;234;3;32;1;1
62;12;848;3;34;1;1
23;17;1427;3;40;1;1
23;298;61;3;43;1;1
34;165;35;3;12;1;1
3;160;126;3;25;1;1
59;1395;528;3;8;1;1
23;1124;5;3;14;1;1
38;572;1353;3;6;1;1
11;1739;199;3;5;1;1
8;541;27;3;54;1;1
29;301;1729;3;10;1;1
1;544;21;3;48;1;1
63;68;29;3;46;1;1
20;23;1789;3;24;1;1
19;44;201;3;38;1;1
64;1017;540;3;6;1;1
16;79;1882;3;15;1;1
43;738;300;3;9;1;1
34;213;348;3;6;1;1
30;110;477;3;7;1;1
12;538;22;3;47;1;1
1;1732;110;3;12;1;1
3;63;1151;3;25;1;1
32;334;203;3;12;1;1
51;583;26;3;41;1;1
13;920;134;3;10;1;1
51;100;420;3;14;1;1
6;31;1382;3;29;1;1
6;266;246;3;10;1;1
4;869;182;3;7;1;1
52;315;284;3;20;1;1
20;1994;3;3;71;1;1
36;768;1893;3;6;1;1
15;31;863;3;18;1;1
59;255;913;3;12;1;1
56;712;221;3;17;1;1
27;856;98;3;7;1;1
60;867;1472;3;5;1;1
44;62;54;3;88;1;1
63;1048;19;3;13;1;1
29;1297;34;3;18;1;1
43;588;1886;3;6;1;1
37;1379;4;3;20;1;1
36;251;1086;3;11;1;1
39;985;223;3;8;1;1
40;254;430;3;16;1;1
47;200;2028;3;8;1;1
18;18;1719;3;19;1;1
52;1060;66;3;7;1;1
15;1826;28;3;14;1;1
33;1766;8;3;12;1;1
13;490;17;3;46;1;1
43;354;104;3;8;1;1
21;3;799;3;17;1;1
35;169;3;3;135;1;1
44;1440;11;3;26;1;1
49;176;837;3;16;1;1
17;1370;471;3;5;1;1
1;1412;882;3;5;1;1
53;60;606;3;16;1;1
34;61;246;3;24;1;1
42;283;215;3;15;1;1
21;170;1419;3;12;1;1
52;726;238;3;10;1;1
55;107;556;3;21;1;1
39;10;69;3;205;1;1
63;289;31;3;46;1;1
14;494;443;3;6;1;1
43;24;990;3;29;1;1
2;32;230;3;60;1;1
2;450;857;3;7;1;1
44;57;984;3;10;1;1
58;978;646;3;7;1;1
32;158;1087;3;12;1;1
52;91;500;3;30;1;1
31;13;1242;3;22;1;1
63;906;1600;3;5;1;1
49;29;76;3;123;1;1
24;121;798;3;10;1;1
56;858;10;3;50;1;1
23;1241;5;3;51;1;1
13;450;43;3;46;1;1
41;66;463;3;14;1;1
11;60;336;3;20;1;1
30;834;116;3;11;1;1
62;822;114;3;18;1;1
3;616;502;3;11;1;1
51;598;81;3;27;1;1
47;505;177;3;9;1;1
47;443;1060;3;6;1;1
44;138;94;3;11;1;1
21;32;1115;3;20;1;1
45;188;1748;3;11;1;1
37;879;364;3;10;1;1
61;144;564;3;10;1;1
10;182;1051;3;8;1;1
55;13;51;3;15;1;1
10;24;1411;3;40;1;1
12;15;1590;3;11;1;1
14;193;573;3;8;1;1
32;208;449;3;10;1;1
10;2011;868;3;5;1;1
39;1404;1078;3;5;1;1
10;1862;451;3;5;1;1
25;383;110;3;11;1;1
25;1237;207;3;6;1;1
5;165;217;3;10;1;1
27;560;556;3;5;1;1
58;1538;109;3;12;1;1
52;46;88;3;81;1;1
11;1367;10;3;31;1;1
25;592;1154;3;8;1;1
20;1280;38;3;14;1;1
54;215;1073;3;14;1;1
48;18;1730;3;33;1;1
20;762;636;3;9;1;1
12;29;95;3;66;1;1
59;612;133;3;18;1;1
63;25;808;3;10;1;1
3;11;1245;3;54;1;1
3;659;72;3;6;1;1
35;9;2004;3;45;1;1
29;23;1428;3;35;1;1
23;241;308;3;10;1;1
56;384;21;3;58;1;1
10;741;1405;3;7;1;1
4;1790;1135;3;5;1;1
34;960;75;3;14;1;1
3;726;259;3;13;1;1
45;11;295;3;108;1;1
30;1884;60;3;18;1;1
61;49;545;3;16;1;1
34;144;734;3;15;1;1
18;840;532;3;7;1;1
41;1024;539;3;8;1;1
36;688;27;3;18;1;1
48;212;721;3;14;1;1
42;680;536;3;11;1;1
53;566;112;3;27;1;1
32;27;857;3;48;1;1
50;18;1299;3;25;1;1
25;114;37;3;83;1;1
21;1275;745;3;6;1;1
29;995;518;3;7;1;1
2;628;464;3;9;1;1
22;325;1961;3;7;1;1
53;1638;790;3;5;1;1
34;226;4;3;231;1;1
34;258;1533;3;10;1;1
44;517;565;3;7;1;1
19;374;432;3;11;1;1
45;724;8;3;83;1;1
64;229;1558;3;12;1;1
61;289;890;3;11;1;1
53;65;145;3;59;1;1
59;80;305;3;41;1;1
26;513;84;3;7;1;1
48;876;102;3;22;1;1
6;231;378;3;9;1;1
17;85;1987;3;9;1;1
63;26;1600;3;34;1;1
46;587;1182;3;6;1;1
39;69;821;3;10;1;1
58;36;1166;3;23;1;1
5;46;1300;3;29;1;1
24;1502;529;3;5;1;1
23;86;99;3;61;1;1
51;496;323;3;15;1;1
18;1283;95;3;15;1;1
49;1254;305;3;5;1;1
37;201;1034;3;14;1;1
50;10;181;3;36;1;1
49;525;1049;3;8;1;1
41;894;1582;3;6;1;1
29;905;1413;3;5;1;1
47;245;71;3;50;1;1
60;542;1851;3;6;1;1
33;700;402;3;12;1;1
43;597;524;3;13;1;1
35;580;154;3;19;1;1
3;139;401;3;14;1;1
33;42;918;3;33;1;1
13;37;1265;3;34;1;1
21;827;9;3;20;1;1
7;901;278;3;5;1;1
62;429;260;3;12;1;1
56;624;898;3;8;1;1
56;55;990;3;17;1;1
2;683;181;3;18;1;1
41;419;34;3;37;1;1
36;730;3;3;51;1;1
24;2041;374;3;8;1;1
9;560;11;3;84;1;1
62;1522;19;3;42;1;1
27;78;679;3;23;1;1
19;1016;7;3;45;1;1
33;81;159;3;14;1;1
31;428;72;3;42;1;1
48;312;1835;3;8;1;1
15;1906;172;3;5;1;1
59;890;54;3;33;1;1
48;168;1776;3;13;1;1
32;437;69;3;23;1;1
62;303;876;3;6;1;1
2;17;1752;3;32;1;1
53;209;5;3;98;1;1
62;737;2022;3;6;1;1
47;18;1798;3;32;1;1
24;654;518;3;10;1;1
18;46;495;3;14;1;1
61;998;248;3;14;1;1
31;152;68;3;46;1;1
16;396;80;3;34;1;1
24;146;764;3;21;1;1
20;128;765;3;20;1;1
38;57;66;3;64;1;1
47;996;168;3;14;1;1
1;1711;24;3;25;1;1
40;1234;339;3;5;1;1
45;117;166;3;30;1;1
47;1054;6;3;47;1;1
39;946;93;3;15;1;1
17;1464;424;3;6;1;1
7;9;1040;3;59;1;1
64;1752;32;3;31;1;1
39;563;464;3;11;1;1
13;9;1221;3;55;1;1
24;1115;40;3;30;1;1
28;1041;1261;3;5;1;1
10;196;1279;3;11;1;1
7;700;66;3;5;1;1
62;305;1457;3;6;1;1
60;8;1552;3;52;1;1
17;768;78;3;24;1;1
18;143;582;3;24;1;1
31;50;778;3;34;1;1
48;1967;252;3;6;1;1
58;441;29;3;17;1;1
46;184;961;3;11;1;1
21;654;227;3;14;1;1
2;62;923;3;26;1;1
22;14;63;3;140;1;1
14;304;155;3;34;1;1
49;52;559;3;12;1;1
50;223;84;3;39;1;1
42;284;131;3;30;1;1
37;1893;20;3;10;1;1
51;635;1766;3;7;1;1
21;1086;264;3;7;1;1
44;5;522;3;5;1;1
40;283;111;3;33;1;1
32;433;1093;3;8;1;1
54;72;412;3;8;1;1
30;1349;263;3;8;1;1
42;1194;992;3;6;1;1
56;1445;26;3;23;1;1
31;302;849;3;13;1;1
55;162;1359;3;6;1;1
26;24;227;3;63;1;1
64;225;11;3;23;1;1
51;148;677;3;13;1;1
54;535;490;3;10;1;1
1;50;1079;3;21;1;1
34;744;1277;3;5;1;1
44;31;214;3;28;1;1
28;617;34;3;15;1;1
39;9;511;3;70;1;1
44;254;1164;3;12;1;1
16;611;1127;3;5;1;1
15;666;407;3;9;1;1
32;292;532;3;9;1;1
27;144;16;3;10;1;1
59;719;97;3;10;1;1
6;1300;3;3;65;1;1
21;374;372;3;9;1;1
55;342;363;3;5;1;1
34;129;93;3;25;1;1
13;1829;4;3;82;1;1
10;1931;14;3;7;1;1
17;1290;171;3;14;1;1
26;311;65;3;23;1;1
18;86;1076;3;12;1;1
49;308;1617;3;10;1;1
22;16;1692;3;21;1;1
52;344;182;3;12;1;1
30;60;20;3;7;1;1
5;208;27;3;84;1;1
24;1839;43;3;12;1;1
7;78;606;3;14;1;1
42;1627;705;3;6;1;1
39;745;182;3;7;1;1
18;253;1109;3;7;1;1
56;1132;38;3;15;1;1
27;615;181;3;8;1;1
57;1820;395;3;7;1;1
10;1126;138;3;6;1;1
1;806;219;3;5;1;1
46;436;178;3;13;1;1
19;12;1970;3;33;1;1
7;152;41;3;8;1;1
9;337;75;3;22;1;1
57;1430;74;3;17;1;1
24;1194;58;3;26;1;1
55;544;336;3;11;1;1
1;65;64;3;91;1;1
54;92;44;3;41;1;1
19;1418;398;3;7;1;1
59;64;1676;3;21;1;1
7;109;74;3;14;1;1
50;136;407;3;17;1;1
41;84;29;3;31;1;1
63;77;44;3;71;1;1
27;47;493;3;28;1;1
21;52;849;3;14;1;1
20;1664;760;3;6;1;1
33;432;1746;3;7;1;1
40;164;161;3;34;1;1
36;9;901;3;82;1;1
55;10;191;3;96;1;1
60;220;125;3;36;1;1
47;933;454;3;11;1;1
58;653;65;3;32;1;1
51;754;687;3;9;1;1
8;1123;1614;3;5;1;1
47;292;1448;3;5;1;1
8;1071;45;3;24;1;1
54;558;17;3;23;1;1
35;1329;297;3;9;1;1
56;856;279;3;9;1;1
20;1863;519;3;7;1;1
54;175;65;3;16;1;1
50;505;1376;3;5;1;1
49;534;252;3;6;1;1
40;1999;724;3;5;1;1
10;168;10;3;10;1;1
22;9;255;3;148;1;1
4;99;1619;3;17;1;1
29;1517;65;3;9;1;1
54;33;1795;3;30;1;1
3;14;1594;3;8;1;1
45;80;117;3;43;1;1
3;113;151;3;57;1;1
39;1267;14;3;10;1;1
9;31;81;3;40;1;1
7;154;1460;3;5;1;1
22;594;568;3;5;1;1
47;1387;176;3;11;1;1
35;288;560;3;8;1;1
31;745;41;3;26;1;1
53;546;1736;3;5;1;1
48;800;405;3;5;1;1
32;1004;11;3;63;1;1
9;33;27;3;62;1;1
43;113;1091;3;5;1;1
42;1021;350;3;11;1;1
32;861;543;3;10;1;1
26;1882;210;3;8;1;1
9;729;108;3;8;1;1
37;459;6;3;109;1;1
10;140;742;3;22;1;1
42;1852;787;3;5;1;1
33;34;786;3;23;1;1
24;848;116;3;12;1;1
14;5;376;3;153;1;1
48;539;133;3;24;1;1
14;111;447;3;33;1;1
6;554;661;3;6;1;1
16;1358;18;3;17;1;1
25;484;34;3;57;1;1
47;65;952;3;8;1;1
8;1996;26;3;13;1;1
24;453;1653;3;8;1;1
40;24;797;3;14;1;1
1;842;878;3;7;1;1
56;39;585;3;11;1;1
32;223;5;3;51;1;1
53;1620;123;3;5;1;1
1;8;95;3;164;1;1
25;112;68;3;69;1;1
24;86;422;3;37;1;1
17;1145;1540;3;5;1;1
16;499;47;3;44;1;1
1;3;829;3;107;1;1
50;11;172;3;168;1;1
25;138;1304;3;5;1;1
35;7;1556;3;56;1;1
47;570;152;3;5;1;1
31;6;1916;3;17;1;1
28;773;483;3;10;1;1
59;130;283;3;24;1;1
39;711;64;3;18;1;1
22;2028;37;3;16;1;1
4;408;257;3;8;1;1
42;1310;80;3;15;1;1
33;1978;112;3;6;1;1
8;253;1022;3;14;1;1
17;65;196;3;39;1;1
54;690;6;3;112;1;1
12;10;1186;3;65;1;1
45;123;14;3;124;1;1
60;494;210;3;21;1;1
55;765;33;3;32;1;1
14;190;58;3;17;1;1
35;163;114;3;30;1;1
26;422;168;3;8;1;1
25;7;28;3;100;1;1
21;1704;35;3;9;1;1
32;583;1238;3;5;1;1
9;209;1291;3;6;1;1
24;1248;25;3;15;1;1
31;398;30;3;46;1;1
55;204;594;3;5;1;1
2;838;189;3;10;1;1
43;242;1512;3;6;1;1
3;710;489;3;7;1;1
29;117;349;3;14;1;1
4;1078;282;3;7;1;1
22;935;163;3;12;1;1
35;1280;300;3;12;1;1
47;28;1189;3;7;1;1
23;491;58;3;38;1;1
42;65;826;3;28;1;1
27;337;240;3;12;1;1
18;909;519;3;8;1;1
25;1253;607;3;7;1;1
12;35;278;3;49;1;1
48;957;583;3;8;1;1
30;1029;54;3;28;1;1
47;1840;338;3;8;1;1
28;210;853;3;6;1;1
56;238;292;3;23;1;1
35;16;1990;3;11;1;1
20;545;814;3;9;1;1
36;1618;196;3;8;1;1
58;635;115;3;19;1;1
57;33;258;3;5;1;1
21;1009;124;3;19;1;1
3;1004;123;3;15;1;1
42;4;36;3;171;1;1
30;9;428;3;59;1;1
30;263;235;3;9;1;1
49;109;10;3;161;1;1
46;1495;31;3;18;1;1
12;75;884;3;22;1;1
21;145;606;3;20;1;1
37;76;664;3;10;1;1
14;295;593;3;8;1;1
11;41;1178;3;14;1;1
32;107;63;3;25;1;1
18;18;1820;3;7;1;1
51;1545;1125;3;5;1;1
54;209;93;3;13;1;1
43;17;1155;3;51;1;1
54;783;20;3;14;1;1
19;739;5;3;94;1;1
22;521;131;3;15;1;1
61;44;566;3;44;1;1
57;335;1946;3;6;1;1
3;421;1746;3;6;1;1
42;460;245;3;14;1;1
17;1312;54;3;13;1;1
24;1967;52;3;6;1;1
43;1535;279;3;11;1;1
47;188;1903;3;7;1;1
10;231;549;3;16;1;1
34;505;145;3;17;1;1
63;237;1105;3;14;1;1
59;698;524;3;9;1;1
31;193;13;3;17;1;1
13;25;655;3;50;1;1
30;526;214;3;13;1;1
19;1451;9;3;44;1;1
17;58;304;3;9;1;1
59;987;413;3;9;1;1
62;753;1151;3;5;1;1
52;3;998;3;5;1;1
15;1861;252;3;8;1;1
26;628;826;3;9;1;1
32;240;10;3;26;1;1
48;40;162;3;87;1;1
23;93;479;3;33;1;1
1;1330;36;3;12;1;1
28;1674;265;3;11;1;1
55;1816;184;3;11;1;1
36;1785;517;3;5;1;1
18;21;1764;3;30;1;1
15;272;498;3;13;1;1
27;559;682;3;10;1;1
7;560;292;3;16;1;1
30;294;316;3;15;1;1
27;1088;1648;3;5;1;1
23;343;447;3;19;1;1
12;202;335;3;27;1;1
17;377;47;3;51;1;1
52;668;15;3;64;1;1
53;81;87;3;23;1;1
4;1313;72;3;15;1;1
2;331;167;3;9;1;1
39;1595;6;3;66;1;1
63;1861;175;3;13;1;1
39;282;439;3;8;1;1
17;734;641;3;6;1;1
48;957;11;3;22;1;1
7;106;801;3;10;1;1
59;465;650;3;12;1;1
13;278;11;3;133;1;1
7;134;937;3;15;1;1
62;1096;447;3;9;1;1
19;54;525;3;33;1;1
14;134;1149;3;13;1;1
48;82;134;3;34;1;1
10;1295;859;3;7;1;1
46;32;271;3;49;1;1
29;298;988;3;11;1;1
19;343;703;3;12;1;1
6;429;254;3;20;1;1
36;522;399;3;11;1;1
10;56;281;3;41;1;1
27;1203;77;3;22;1;1
58;532;289;3;6;1;1
33;1122;965;3;5;1;1
29;78;1900;3;6;1;1
8;868;51;3;16;1;1
8;473;201;3;21;1;1
1;793;951;3;8;1;1
31;46;173;3;46;1;1
55;122;491;3;9;1;1
32;1496;316;3;7;1;1
32;803;67;3;24;1;1
62;238;797;3;7;1;1
64;1691;357;3;6;1;1
61;13;118;3;162;1;1
61;20;720;3;60;1;1
51;329;482;3;7;1;1
57;34;157;3;83;1;1
1;1502;336;3;7;1;1
18;720;1047;3;5;1;1
26;1145;6;3;25;1;1
19;156;567;3;18;1;1
28;1806;197;3;9;1;1
44;1713;542;3;5;1;1
39;324;42;3;15;1;1
21;164;1489;3;14;1;1
20;1173;13;3;8;1;1
33;50;688;3;17;1;1
24;49;31;3;55;1;1
11;55;259;3;48;1;1
58;2029;24;3;18;1;1
5;147;749;3;15;1;1
55;743;236;3;6;1;1
63;1783;15;3;32;1;1
22;8;362;3;46;1;1
39;1255;144;3;7;1;1
46;320;31;3;26;1;1
35;27;690;3;13;1;1
44;178;395;3;7;1;1
32;695;19;3;55;1;1
55;781;45;3;23;1;1
9;1331;1018;3;6;1;1
5;56;1020;3;16;1;1
45;339;1634;3;7;1;1
3;700;649;3;7;1;1
31;47;1193;3;13;1;1
39;1505;275;3;6;1;1
43;6;698;3;97;1;1
30;1635;288;3;5;1;1
44;489;748;3;12;1;1
46;660;37;3;8;1;1
20;152;399;3;8;1;1
44;841;801;3;8;1;1
37;1588;1171;3;5;1;1
30;750;9;3;39;1;1
7;43;301;3;29;1;1
46;598;167;3;12;1;1
21;72;237;3;12;1;1
27;18;324;3;32;1;1
11;252;16;3;67;1;1
11;1148;61;3;11;1;1
43;32;1616;3;27;1;1
13;1094;705;3;6;1;1
34;157;25;3;35;1;1
22;873;797;3;5;1;1
37;11;401;3;41;1;1
62;767;378;3;11;1;1
63;372;196;3;22;1;1
29;11;50;3;34;1;1
32;320;132;3;8;1;1
13;15;169;3;12;1;1
37;17;1080;3;36;1;1
16;48;267;3;33;1;1
63;50;1840;3;6;1;1
23;49;242;3;56;1;1
6;775;770;3;6;1;1
19;164;16;3;91;1;1
30;474;242;3;13;1;1
38;1428;39;3;22;1;1
63;40;709;3;15;1;1
48;473;1368;3;5;1;1
38;607;374;3;12;1;1
11;78;2002;3;7;1;1
40;588;160;3;21;1;1
50;806;1719;3;6;1;1
12;214;68;3;14;1;1
26;77;457;3;30;1;1
61;293;295;3;8;1;1
14;32;86;3;110;1;1
54;154;1300;3;14;1;1
10;252;287;3;20;1;1
42;136;847;3;11;1;1
22;2024;74;3;7;1;1
15;383;62;3;26;1;1
23;190;237;3;34;1;1
33;12;69;3;232;1;1
6;31;1140;3;14;1;1
9;12;1041;3;31;1;1
60;380;212;3;18;1;1
42;341;806;3;9;1;1
38;737;754;3;5;1;1
32;533;81;3;19;1;1
63;48;426;3;28;1;1
55;856;260;3;9;1;1
43;97;8;3;9;1;1
64;1100;643;3;7;1;1
32;385;456;3;16;1;1
7;98;12;3;24;1;1
23;24;17;3;208;1;1
30;49;54;3;12;1;1
50;27;48;3;57;1;1
64;869;155;3;5;1;1
39;119;1122;3;7;1;1
8;107;519;3;23;1;1
33;412;205;3;20;1;1
38;238;76;3;54;1;1
24;120;119;3;25;1;1
22;7;655;3;40;1;1
54;314;21;3;79;1;1
63;398;252;3;16;1;1
50;566;143;3;22;1;1
13;1792;3;3;29;1;1
28;346;14;3;7;1;1
60;685;835;3;8;1;1
58;8;598;3;104;1;1
22;652;369;3;8;1;1
53;94;1274;3;10;1;1
7;114;410;3;29;1;1
35;1430;334;3;8;1;1
7;50;1777;3;10;1;1
42;176;16;3;51;1;1
59;59;858;3;9;1;1
26;21;436;3;38;1;1
55;124;3;3;79;1;1
56;860;219;3;12;1;1
39;52;131;3;27;1;1
22;658;642;3;5;1;1
20;1048;316;3;6;1;1
34;46;142;3;27;1;1
10;3;1179;3;32;1;1
61;5;172;3;107;1;1
54;91;1507;3;18;1;1
14;535;24;3;60;1;1
21;146;1183;3;16;1;1
55;21;1832;3;22;1;1
9;854;246;3;11;1;1
16;130;616;3;23;1;1
63;444;816;3;8;1;1
53;399;499;3;8;1;1
46;465;408;3;14;1;1
23;606;609;3;12;1;1
49;554;1648;3;7;1;1
37;587;737;3;8;1;1
59;853;1191;3;6;1;1
17;164;217;3;9;1;1
61;6;45;3;68;1;1
16;1351;363;3;9;1;1
37;447;1798;3;7;1;1
24;459;1591;3;5;1;1
37;651;122;3;11;1;1
45;610;41;3;44;1;1
3;30;1909;3;26;1;1
47;456;180;3;17;1;1
53;1198;393;3;6;1;1
16;820;12;3;30;1;1
64;1254;301;3;8;1;1
64;72;193;3;32;1;1
13;2040;77;3;13;1;1
31;145;2043;3;5;1;1
45;1358;872;3;6;1;1
11;110;10;3;164;1;1
4;239;58;3;27;1;1
38;164;1407;3;9;1;1
54;363;346;3;19;1;1
40;363;128;3;5;1;1
33;798;238;3;14;1;1
40;1306;13;3;19;1;1
36;246;159;3;29;1;1
10;992;1550;3;5;1;1
13;134;313;3;22;1;1
17;1412;132;3;10;1;1
54;601;10;3;35;1;1
9;6;1178;3;87;1;1
55;299;3;3;83;1;1
20;1074;303;3;12;1;1
11;44;482;3;21;1;1
41;142;79;3;6;1;1
16;65;25;3;134;1;1
16;1040;1185;3;6;1;1
37;580;71;3;30;1;1
56;121;259;3;14;1;1
11;854;10;3;65;1;1
55;1639;7;3;65;1;1
19;784;172;3;14;1;1
6;950;1041;3;7;1;1
44;205;706;3;10;1;1
15;120;398;3;9;1;1
34;89;462;3;7;1;1
1;51;917;3;5;1;1
45;1137;1520;3;5;1;1
28;356;644;3;6;1;1
23;975;1261;3;5;1;1
12;416;93;3;5;1;1
58;422;304;3;17;1;1
28;1259;430;3;7;1;1
13;259;1764;3;8;1;1
61;120;97;3;67;1;1
31;228;83;3;51;1;1
63;337;174;3;12;1;1
41;443;465;3;6;1;1
41;252;1576;3;9;1;1
29;2040;5;3;65;1;1
20;552;6;3;39;1;1
1;296;699;3;15;1;1
21;513;1937;3;6;1;1
64;10;259;3;145;1;1
55;163;296;3;27;1;1
57;1787;5;3;58;1;1
33;397;598;3;10;1;1
4;15;84;3;96;1;1
47;107;367;3;15;1;1
29;20;1315;3;32;1;1
5;42;807;3;33;1;1
32;570;199;3;14;1;1
23;104;33;3;116;1;1
38;528;21;3;19;1;1
39;1120;1209;3;6;1;1
64;490;1085;3;7;1;1
25;1636;253;3;9;1;1
14;247;431;3;9;1;1
33;406;186;3;27;1;1
20;560;521;3;10;1;1
35;455;302;3;19;1;1
19;1419;1529;3;5;1;1
14;599;1311;3;7;1;1
53;288;249;3;7;1;1
14;3;256;3;112;1;1
31;791;260;3;8;1;1
56;1395;1011;3;6;1;1
43;1160;479;3;7;1;1
13;1423;331;3;5;1;1
4;940;181;3;9;1;1
54;332;616;3;11;1;1
27;882;777;3;7;1;1
24;232;13;3;101;1;1
10;546;8;3;111;1;1
62;395;159;3;17;1;1
43;55;332;3;7;1;1
34;785;1797;3;5;1;1
34;689;95;3;26;1;1
21;510;1515;3;6;1;1
52;516;82;3;16;1;1
35;6;794;3;5;1;1
19;13;241;3;42;1;1
63;791;27;3;27;1;1
21;1185;36;3;19;1;1
12;3;713;3;32;1;1
12;169;99;3;28;1;1
18;1262;403;3;9;1;1
14;1391;297;3;10;1;1
15;1637;582;3;7;1;1
5;296;102;3;21;1;1
48;406;138;3;29;1;1
8;8;260;3;56;1;1
18;56;378;3;8;1;1
53;47;1440;3;14;1;1
18;535;342;3;7;1;1
9;6;247;3;19;1;1
10;464;188;3;23;1;1
22;738;22;3;29;1;1
64;641;232;3;19;1;1
25;368;53;3;17;1;1
64;922;175;3;6;1;1
48;5;367;3;11;1;1
22;1703;4;3;18;1;1
48;136;482;3;13;1;1
45;35;1665;3;22;1;1
7;206;683;3;13;1;1
28;363;578;3;8;1;1
32;1972;526;3;7;1;1
20;207;83;3;14;1;1
51;910;16;3;5;1;1
44;434;97;3;14;1;1
12;1705;157;3;6;1;1
37;54;1775;3;15;1;1
10;639;94;3;20;1;1
31;722;1720;3;6;1;1
18;69;1277;3;19;1;1
22;538;558;3;9;1;1
41;28;1866;3;29;1;1
7;64;55;3;17;1;1
52;8;157;3;108;1;1
14;7;371;3;84;1;1
15;1289;320;3;5;1;1
33;57;152;3;50;1;1
34;9;2047;3;29;1;1
26;652;63;3;13;1;1
63;11;817;3;48;1;1
5;791;6;3;59;1;1
39;77;1771;3;6;1;1
45;280;21;3;74;1;1
7;344;1431;3;6;1;1
53;49;657;3;33;1;1
5;794;4;3;121;1;1
9;225;1778;3;10;1;1
7;1373;8;3;5;1;1
50;1276;140;3;17;1;1
26;914;58;3;15;1;1
10;1378;38;3;32;1;1
40;897;1178;3;7;1;1
43;1610;89;3;11;1;1
50;13;1804;3;13;1;1
2;83;487;3;37;1;1
2;40;15;3;113;1;1
50;1256;1029;3;5;1;1
24;804;116;3;6;1;1
40;497;493;3;9;1;1
53;542;48;3;46;1;1
32;2024;92;3;11;1;1
7;202;112;3;22;1;1
34;12;1669;3;42;1;1
63;129;435;3;5;1;1
54;1538;853;3;5;1;1
2;571;62;3;32;1;1
22;317;23;3;54;1;1
53;116;1848;3;14;1;1
51;980;323;3;5;1;1
4;217;848;3;6;1;1
47;229;1296;3;7;1;1
5;1346;39;3;17;1;1
10;729;133;3;17;1;1
3;74;406;3;17;1;1
17;51;293;3;35;1;1
23;305;446;3;7;1;1
2;1928;53;3;16;1;1
17;1610;485;3;5;1;1
20;652;1876;3;6;1;1
29;73;1660;3;18;1;1
33;996;10;3;66;1;1
39;1923;883;3;5;1;1
32;1494;195;3;8;1;1
31;1032;125;3;7;1;1
9;4;105;3;38;1;1
61;3;597;3;82;1;1
43;661;302;3;6;1;1
4;553;8;3;107;1;1
42;621;126;3;9;1;1
36;508;7;3;70;1;1
10;1557;300;3;8;1;1
22;172;299;3;14;1;1
44;123;1916;3;13;1;1
20;23;1182;3;31;1;1
26;90;921;3;17;1;1
29;14;1962;3;12;1;1
55;503;1284;3;9;1;1
10;98;17;3;50;1;1
55;66;1446;3;12;1;1
50;735;1075;3;5;1;1
56;1192;221;3;7;1;1
53;69;373;3;36;1;1
32;567;176;3;18;1;1
53;727;172;3;7;1;1
11;1785;51;3;15;1;1
41;753;254;3;5;1;1
1;294;1305;3;8;1;1
54;381;991;3;12;1;1
27;292;535;3;7;1;1
49;282;347;3;20;1;1
16;1512;51;3;7;1;1
42;1543;777;3;5;1;1
51;279;1487;3;10;1;1
26;85;1563;3;6;1;1
33;524;476;3;11;1;1
26;476;213;3;18;1;1
42;492;176;3;25;1;1
19;87;77;3;61;1;1
6;335;75;3;32;1;1
41;1967;214;3;8;1;1
60;335;1411;3;7;1;1
22;1062;243;3;13;1;1
49;127;32;3;91;1;1
61;115;1016;3;16;1;1
54;1786;499;3;6;1;1
20;1966;127;3;12;1;1
18;893;420;3;6;1;1
53;1139;1172;3;5;1;1
55;1284;1100;3;5;1;1
32;1344;1482;3;5;1;1
58;1435;55;3;9;1;1
61;292;319;3;6;1;1
55;6;44;3;222;1;1
14;952;705;3;8;1;1
43;704;733;3;8;1;1
53;486;8;3;36;1;1
18;190;14;3;129;1;1
50;545;841;3;7;1;1
46;1001;812;3;5;1;1
33;454;491;3;7;1;1
18;1276;85;3;5;1;1
6;2031;97;3;13;1;1
10;395;52;3;29;1;1
11;1504;140;3;16;1;1
4;951;539;3;6;1;1
1;528;12;3;55;1;1
12;451;687;3;12;1;1
26;984;334;3;10;1;1
24;42;69;3;84;1;1
47;271;14;3;105;1;1
27;26;1418;3;33;1;1
6;26;980;3;9;1;1
45;868;677;3;8;1;1
19;851;334;3;11;1;1
39;717;39;3;23;1;1
7;515;13;3;18;1;1
25;725;499;3;10;1;1
56;329;1638;3;9;1;1
6;203;589;3;17;1;1
36;18;1662;3;25;1;1
27;32;439;3;59;1;1
3;418;611;3;5;1;1
21;62;1090;3;6;1;1
34;62;482;3;18;1;1
50;275;1633;3;11;1;1
51;1684;19;3;9;1;1
53;31;1966;3;17;1;1
38;338;46;3;46;1;1
7;775;493;3;5;1;1
62;861;210;3;10;1;1
43;823;289;3;13;1;1
3;142;127;3;35;1;1
42;16;1366;3;43;1;1
58;743;395;3;9;1;1
58;614;179;3;17;1;1
43;81;813;3;23;1;1
53;670;60;3;5;1;1
39;28;74;3;136;1;1
19;302;363;3;5;1;1
45;903;559;3;6;1;1
7;994;1521;3;6;1;1
24;533;52;3;13;1;1
2;104;80;3;29;1;1
59;64;1377;3;19;1;1
54;716;20;3;25;1;1
1;1234;46;3;15;1;1
26;296;1377;3;5;1;1
27;622;85;3;18;1;1
2;67;389;3;8;1;1
43;266;892;3;7;1;1
25;1001;448;3;7;1;1
40;11;1496;3;32;1;1
12;959;181;3;14;1;1
18;153;46;3;21;1;1
21;1666;383;3;8;1;1
52;1348;376;3;5;1;1
54;15;1618;3;20;1;1
1;1558;7;3;57;1;1
12;1956;1016;3;5;1;1
26;616;278;3;16;1;1
1;10;9;3;191;1;1
48;172;67;3;24;1;1
59;464;27;3;51;1;1
19;617;432;3;12;1;1
55;1798;498;3;5;1;1
62;852;1041;3;6;1;1
41;116;328;3;29;1;1
55;1217;555;3;7;1;1
61;1191;992;3;5;1;1
3;177;766;3;19;1;1
6;49;524;3;31;1;1
6;601;1017;3;6;1;1
1;76;631;3;20;1;1
9;8;928;3;42;1;1
48;935;1135;3;6;1;1
20;297;14;3;15;1;1
52;321;82;3;7;1;1
36;384;191;3;25;1;1
4;1173;1290;3;5;1;1
61;465;34;3;48;1;1
30;283;200;3;30;1;1
4;879;30;3;9;1;1
23;17;133;3;55;1;1
38;600;181;3;21;1;1
63;18;416;3;74;1;1
41;1826;6;3;30;1;1
31;18;288;3;13;1;1
17;1624;808;3;6;1;1
16;1848;24;3;17;1;1
13;28;1343;3;11;1;1
32;113;1926;3;13;1;1
13;85;63;3;33;1;1
13;1291;108;3;19;1;1
21;1812;20;3;22;1;1
9;174;1283;3;5;1;1
59;34;138;3;48;1;1
23;198;18;3;119;1;1
61;66;246;3;53;1;1
47;828;1834;3;5;1;1
38;210;95;3;7;1;1
5;593;13;3;45;1;1
23;843;498;3;8;1;1
57;1044;114;3;18;1;1
39;1526;1110;3;5;1;1
34;10;83;3;31;1;1
57;147;936;3;16;1;1
53;872;139;3;12;1;1
23;134;1842;3;8;1;1
25;25;786;3;13;1;1
33;1501;59;3;5;1;1
8;1159;568;3;9;1;1
34;28;721;3;49;1;1
30;54;647;3;22;1;1
5;454;36;3;23;1;1
59;1370;829;3;6;1;1
28;316;892;3;14;1;1
4;841;11;3;76;1;1
25;700;788;3;8;1;1
54;1480;3;3;7;1;1
37;17;1641;3;29;1;1
23;21;274;3;43;1;1
44;48;906;3;17;1;1
61;771;2048;3;5;1;1
26;117;223;3;9;1;1
62;344;277;3;5;1;1
33;500;192;3;6;1;1
60;1109;78;3;24;1;1
23;907;6;3;78;1;1
17;1130;17;3;47;1;1
10;27;808;3;20;1;1
16;1242;520;3;9;1;1
7;107;977;3;14;1;1
22;680;76;3;23;1;1
48;199;626;3;16;1;1
25;27;563;3;21;1;1
32;301;485;3;15;1;1
62;172;949;3;6;1;1
54;470;94;3;17;1;1
34;130;23;3;95;1;1
31;157;1897;3;9;1;1
51;6;1890;3;25;1;1
23;1339;674;3;7;1;1
19;35;1257;3;28;1;1
10;505;419;3;10;1;1
46;52;1066;3;6;1;1
1;6;1656;3;50;1;1
13;1322;903;3;6;1;1
35;249;1699;3;9;1;1
22;254;254;3;16;1;1
17;815;36;3;14;1;1
45;6;554;3;77;1;1
13;109;87;3;45;1;1
18;21;2034;3;9;1;1
57;527;73;3;19;1;1
3;644;1409;3;6;1;1
50;410;20;3;25;1;1
9;127;311;3;9;1;1
64;1466;653;3;7;1;1
28;90;891;3;7;1;1
4;713;1263;3;5;1;1
45;59;252;3;41;1;1
59;447;846;3;6;1;1
46;20;1849;3;37;1;1
45;840;115;3;13;1;1
3;730;381;3;8;1;1
43;423;8;3;98;1;1
20;93;1471;3;12;1;1
42;184;216;3;29;1;1
49;1045;1020;3;7;1;1
25;103;833;3;22;1;1
45;234;86;3;43;1;1
24;105;86;3;71;1;1
20;1540;15;3;17;1;1
25;953;1961;3;5;1;1
52;171;387;3;5;1;1
29;22;304;3;7;1;1
5;1378;7;3;50;1;1
58;199;145;3;17;1;1
34;955;59;3;17;1;1
53;891;1004;3;6;1;1
7;269;242;3;25;1;1
3;173;1942;3;10;1;1
38;103;726;3;7;1;1
28;155;271;3;19;1;1
40;9;935;3;61;1;1
31;1588;15;3;9;1;1
46;121;1429;3;13;1;1
64;29;877;3;34;1;1
53;799;182;3;12;1;1
20;310;1192;3;8;1;1
21;1069;1894;3;5;1;1
51;337;133;3;34;1;1
48;6;307;3;13;1;1
11;436;50;3;40;1;1
11;133;1133;3;13;1;1
8;878;1020;3;6;1;1
17;126;57;3;83;1;1
22;248;1038;3;8;1;1
48;943;218;3;5;1;1
36;1824;72;3;7;1;1
9;1907;332;3;8;1;1
12;642;290;3;6;1;1
62;19;45;3;36;1;1
35;32;1983;3;23;1;1
46;583;704;3;8;1;1
63;113;593;3;6;1;1
24;32;364;3;15;1;1
39;13;1992;3;9;1;1
4;31;1373;3;22;1;1
46;3;1931;3;92;1;1
45;671;686;3;8;1;1
8;718;1229;3;6;1;1
11;175;1762;3;10;1;1
11;118;210;3;13;1;1
35;28;1324;3;21;1;1
11;1625;91;3;5;1;1
48;28;1601;3;29;1;1
16;89;45;3;43;1;1
8;3;888;3;101;1;1
17;714;1531;3;5;1;1
1;90;1426;3;9;1;1
4;262;499;3;12;1;1
27;17;1223;3;38;1;1
58;1767;133;3;13;1;1
51;174;151;3;9;1;1
62;39;27;3;65;1;1
27;184;125;3;40;1;1
62;292;1884;3;5;1;1
11;19;25;3;132;1;1
62;309;331;3;21;1;1
38;44;909;3;15;1;1
35;896;187;3;18;1;1
40;9;107;3;51;1;1
30;60;796;3;14;1;1
18;1896;372;3;7;1;1
15;940;997;3;5;1;1
52;285;61;3;15;1;1
17;1728;250;3;11;1;1
47;527;1681;3;5;1;1
18;1122;13;3;17;1;1
10;425;274;3;5;1;1
27;810;455;3;10;1;1
34;150;21;3;58;1;1
48;206;239;3;9;1;1
35;13;1795;3;48;1;1
49;1628;91;3;7;1;1
15;556;1523;3;6;1;1
49;421;258;3;15;1;1
50;3;618;3;122;1;1
21;16;154;3;147;1;1
27;445;27;3;54;1;1
64;94;100;3;71;1;1
18;2012;769;3;5;1;1
6;1372;140;3;7;1;1
55;1623;25;3;31;1;1
63;591;1872;3;5;1;1
57;1092;984;3;7;1;1
57;498;1940;3;7;1;1
12;1470;152;3;6;1;1
64;1082;78;3;23;1;1
39;1976;153;3;11;1;1
17;125;1793;3;9;1;1
27;344;674;3;14;1;1
28;1449;545;3;5;1;1
23;161;264;3;7;1;1
41;1381;123;3;9;1;1
13;98;147;3;48;1;1
44;29;8;3;180;1;1
9;707;37;3;36;1;1
1;35;49;3;166;1;1
59;1736;108;3;9;1;1
50;959;370;3;7;1;1
30;44;1301;3;19;1;1
56;9;326;3;53;1;1
40;169;990;3;5;1;1
60;1686;53;3;15;1;1
47;214;56;3;11;1;1
57;79;710;3;20;1;1
35;529;98;3;32;1;1
29;78;753;3;15;1;1
44;814;1021;3;8;1;1
16;1555;258;3;7;1;1
56;42;861;3;28;1;1
36;1824;27;3;33;1;1
46;32;1477;3;5;1;1
40;392;518;3;13;1;1
2;151;1909;3;9;1;1
36;1753;307;3;7;1;1
45;144;30;3;95;1;1
35;1318;60;3;17;1;1
50;546;72;3;26;1;1
47;809;251;3;6;1;1
34;50;1528;3;14;1;1
14;47;221;3;14;1;1
28;926;30;3;30;1;1
56;9;915;3;75;1;1
37;1571;73;3;17;1;1
37;105;525;3;11;1;1
51;138;82;3;11;1;1
64;1098;873;3;6;1;1
26;1088;124;3;20;1;1
55;1110;6;3;24;1;1
33;112;1009;3;19;1;1
33;22;976;3;50;1;1
3;469;1980;3;6;1;1
8;1096;85;3;7;1;1
62;200;7;3;162;1;1
64;1153;69;3;8;1;1
41;245;1838;3;6;1;1
44;1209;286;3;11;1;1
9;1601;138;3;6;1;1
42;81;398;3;21;1;1
43;31;1068;3;11;1;1
33;6;67;3;131;1;1
16;80;330;3;39;1;1
63;242;1262;3;8;1;1
59;14;18;3;88;1;1
35;964;309;3;5;1;1
60;61;117;3;52;1;1
33;461;554;3;11;1;1
49;1132;599;3;8;1;1
33;1661;122;3;5;1;1
10;410;840;3;10;1;1
37;21;1419;3;9;1;1
19;793;237;3;7;1;1
20;1615;6;3;10;1;1
35;851;249;3;13;1;1
20;37;756;3;8;1;1
61;494;456;3;13;1;1
36;1014;538;3;9;1;1
39;588;1153;3;9;1;1
7;216;460;3;16;1;1
60;1581;803;3;5;1;1
63;1347;314;3;10;1;1
1;51;690;3;26;1;1
10;1780;1056;3;5;1;1
37;941;101;3;14;1;1
11;22;1456;3;32;1;1
42;1863;57;3;21;1;1
55;932;4;3;22;1;1
59;110;314;3;15;1;1
6;325;1040;3;11;1;1
12;37;401;3;8;1;1
29;705;302;3;6;1;1
51;1482;266;3;5;1;1
61;147;1688;3;6;1;1
23;388;1465;3;6;1;1
33;1297;33;3;11;1;1
43;359;715;3;10;1;1
8;1369;110;3;17;1;1
50;276;640;3;17;1;1
7;1000;530;3;7;1;1
47;702;157;3;9;1;1
4;1497;37;3;28;1;1
17;419;1528;3;6;1;1
8;1390;154;3;15;1;1
40;617;73;3;5;1;1
17;275;778;3;8;1;1
47;3;56;3;212;1;1
2;94;448;3;28;1;1
23;133;361;3;6;1;1
60;529;279;3;12;1;1
8;10;799;3;21;1;1
1;10;344;3;59;1;1
46;958;24;3;14;1;1
33;632;104;3;29;1;1
21;1244;312;3;6;1;1
1;756;1202;3;7;1;1
59;207;49;3;73;1;1
14;412;100;3;7;1;1
8;1415;168;3;15;1;1
63;1873;118;3;8;1;1
56;123;597;3;21;1;1
35;697;608;3;11;1;1
12;98;680;3;13;1;1
55;572;332;3;6;1;1
52;274;329;3;10;1;1
35;2026;3;3;79;1;1
23;237;369;3;22;1;1
19;23;613;3;56;1;1
9;19;187;3;9;1;1
14;1771;26;3;23;1;1
51;98;365;3;27;1;1
52;46;200;3;42;1;1
23;1615;20;3;22;1;1
20;936;994;3;5;1;1
61;12;42;3;92;1;1
29;98;34;3;8;1;1
8;854;13;3;43;1;1
59;223;805;3;14;1;1
17;1313;931;3;6;1;1
15;95;41;3;26;1;1
57;25;1313;3;24;1;1
22;71;428;3;29;1;1
9;1050;1212;3;5;1;1
22;559;101;3;19;1;1
42;223;366;3;22;1;1
51;642;80;3;18;1;1
42;77;25;3;92;1;1
22;311;47;3;28;1;1
50;141;1920;3;9;1;1
35;191;1837;3;9;1;1
26;66;6;3;80;1;1
33;243;1061;3;5;1;1
23;8;842;3;35;1;1
48;690;25;3;49;1;1
34;360;959;3;5;1;1
39;735;1913;3;5;1;1
50;643;23;3;53;1;1
15;1347;490;3;7;1;1
32;432;10;3;14;1;1
37;416;1435;3;8;1;1
28;215;161;3;18;1;1
46;3;403;3;190;1;1
50;610;227;3;10;1;1
20;418;43;3;54;1;1
56;485;1200;3;8;1;1
50;940;1617;3;6;1;1
42;951;32;3;22;1;1
23;1291;781;3;5;1;1
62;499;316;3;14;1;1
30;56;23;3;16;1;1
61;157;149;3;34;1;1
14;291;94;3;11;1;1
28;369;126;3;23;1;1
20;896;827;3;5;1;1
52;532;82;3;9;1;1
53;685;602;3;6;1;1
1;173;1603;3;9;1;1
14;79;1565;3;11;1;1
54;486;63;3;12;1;1
10;749;353;3;6;1;1
22;47;1180;3;24;1;1
5;224;214;3;9;1;1
19;546;1679;3;6;1;1
18;530;1517;3;7;1;1
11;3;1071;3;24;1;1
42;1556;28;3;15;1;1
41;604;395;3;13;1;1
26;17;668;3;67;1;1
24;593;36;3;5;1;1
60;36;388;3;27;1;1
4;265;33;3;42;1;1
29;1455;50;3;14;1;1
11;27;636;3;28;1;1
19;429;309;3;13;1;1
46;1044;143;3;6;1;1
26;498;520;3;5;1;1
6;20;721;3;30;1;1
49;1476;364;3;5;1;1
59;133;289;3;17;1;1
7;19;1436;3;20;1;1
43;1441;42;3;9;1;1
52;134;1809;3;15;1;1
60;75;1356;3;8;1;1
35;1112;22;3;14;1;1
17;117;1830;3;11;1;1
51;71;1198;3;14;1;1
28;4;567;3;94;1;1
45;108;1228;3;8;1;1
14;279;515;3;13;1;1
46;1950;286;3;8;1;1
13;36;2027;3;14;1;1
45;568;243;3;15;1;1
64;1017;1751;3;5;1;1
49;623;1018;3;9;1;1
12;25;34;3;224;1;1
53;47;130;3;70;1;1
35;347;1447;3;5;1;1
40;1524;7;3;28;1;1
52;238;51;3;8;1;1
47;1268;4;3;13;1;1
57;464;1235;3;7;1;1
2;112;256;3;22;1;1
34;529;12;3;25;1;1
44;1909;10;3;27;1;1
23;473;326;3;16;1;1
1;1128;218;3;7;1;1
41;1177;305;3;12;1;1
51;360;1268;3;9;1;1
16;296;80;3;41;1;1
21;1301;236;3;6;1;1
53;597;30;3;40;1;1
8;176;139;3;46;1;1
44;358;126;3;28;1;1
47;335;798;3;13;1;1
45;39;72;3;83;1;1
4;380;88;3;15;1;1
29;46;1150;3;27;1;1
24;1055;226;3;12;1;1
37;37;451;3;47;1;1
50;1298;220;3;7;1;1
61;7;1358;3;50;1;1
8;691;44;3;40;1;1
49;64;29;3;94;1;1
28;111;789;3;5;1;1
48;248;138;3;28;1;1
55;236;1029;3;8;1;1
35;1979;28;3;12;1;1
35;532;804;3;10;1;1
60;156;1177;3;14;1;1
33;1861;476;3;6;1;1
39;1170;15;3;31;1;1
7;26;621;3;38;1;1
34;977;269;3;12;1;1
39;15;1834;3;17;1;1
13;23;188;3;65;1;1
58;1487;561;3;7;1;1
37;22;417;3;19;1;1
24;1708;258;3;11;1;1
56;580;151;3;23;1;1
1;87;1970;3;17;1;1
26;84;27;3;64;1;1
9;1637;16;3;6;1;1
20;94;49;3;92;1;1
42;1300;35;3;21;1;1
21;372;392;3;13;1;1
46;23;804;3;14;1;1
21;830;12;3;37;1;1
10;150;351;3;21;1;1
22;1370;175;3;8;1;1
18;1506;10;3;26;1;1
63;1309;14;3;29;1;1
36;8;440;3;82;1;1
29;1333;17;3;9;1;1
3;1156;15;3;37;1;1
10;1807;89;3;13;1;1
62;1488;450;3;8;1;1
34;663;20;3;55;1;1
57;411;16;3;23;1;1
23;4;1037;3;85;1;1
27;105;833;3;13;1;1
14;3;140;3;77;1;1
45;344;154;3;10;1;1
36;6;1436;3;14;1;1
36;414;1777;3;7;1;1
37;154;1374;3;10;1;1
59;21;649;3;12;1;1
35;798;780;3;7;1;1
57;904;90;3;24;1;1
14;32;293;3;9;1;1
19;8;1017;3;80;1;1
62;1140;397;3;5;1;1
24;718;51;3;38;1;1
29;687;1656;3;5;1;1
34;351;573;3;15;1;1
53;743;2044;3;5;1;1
9;688;147;3;23;1;1
62;115;1033;3;11;1;1
36;14;323;3;105;1;1
44;701;337;3;11;1;1
47;69;842;3;27;1;1
11;34;768;3;46;1;1
31;84;35;3;72;1;1
35;850;1161;3;7;1;1
56;1411;647;3;6;1;1
11;29;255;3;42;1;1
49;173;170;3;19;1;1
42;979;236;3;8;1;1
35;57;219;3;23;1;1
33;175;1533;3;7;1;1
64;1873;868;3;5;1;1
57;144;1453;3;12;1;1
35;989;40;3;35;1;1
10;1077;172;3;10;1;1
45;48;625;3;39;1;1
63;48;4;3;142;1;1
19;1678;1108;3;5;1;1
57;995;21;3;48;1;1
3;157;624;3;13;1;1
15;10;1052;3;26;1;1
20;1343;1211;3;5;1;1
47;372;1397;3;8;1;1
11;642;1687;3;6;1;1
50;1524;412;3;5;1;1
50;19;40;3;172;1;1
44;1664;735;3;5;1;1
58;360;49;3;29;1;1
59;1046;146;3;11;1;1
14;920;435;3;10;1;1
58;25;356;3;10;1;1
5;106;23;3;71;1;1
42;403;460;3;7;1;1
37;18;1152;3;35;1;1
54;983;1445;3;6;1;1
10;13;43;3;42;1;1
48;18;663;3;41;1;1
20;94;1693;3;7;1;1
29;1950;1082;3;5;1;1
64;72;33;3;60;1;1
61;31;161;3;60;1;1
39;357;162;3;6;1;1
40;24;200;3;48;1;1
59;1535;31;3;26;1;1
4;2015;589;3;5;1;1
27;603;1042;3;5;1;1
43;466;80;3;31;1;1
15;24;31;3;64;1;1
39;1568;85;3;18;1;1
39;1119;220;3;15;1;1
32;3;550;3;173;1;1
11;158;1262;3;6;1;1
19;829;1540;3;6;1;1
42;563;197;3;13;1;1
51;244;937;3;15;1;1
24;469;1464;3;5;1;1
25;532;594;3;6;1;1
1;30;318;3;75;1;1
37;7;4;3;114;1;1
20;140;1577;3;14;1;1
38;1132;116;3;15;1;1
7;284;1291;3;9;1;1
15;861;238;3;14;1;1
4;71;1573;3;13;1;1
16;413;237;3;13;1;1
24;6;710;3;108;1;1
52;385;829;3;5;1;1
7;223;495;3;7;1;1
57;877;105;3;15;1;1
47;18;83;3;174;1;1
5;254;766;3;10;1;1
46;1445;502;3;8;1;1
43;161;1774;3;8;1;1
7;700;337;3;14;1;1
54;264;108;3;13;1;1
61;5;1982;3;22;1;1
59;92;54;3;30;1;1
17;1271;393;3;5;1;1
12;150;1256;3;11;1;1
54;18;99;3;76;1;1
58;8;1159;3;72;1;1
6;716;950;3;8;1;1
35;839;114;3;9;1;1
8;1460;5;3;61;1;1
9;137;650;3;19;1;1
16;698;9;3;65;1;1
58;308;1437;3;7;1;1
44;826;107;3;16;1;1
42;19;376;3;79;1;1
56;7;1207;3;14;1;1
41;1058;465;3;8;1;1
48;191;91;3;46;1;1
22;1568;143;3;5;1;1
44;1315;464;3;5;1;1
8;1327;7;3;10;1;1
40;605;358;3;9;1;1
36;773;294;3;6;1;1
42;2006;254;3;5;1;1
59;1704;7;3;10;1;1
18;836;44;3;23;1;1
37;97;762;3;27;1;1
53;1098;33;3;37;1;1
24;1399;61;3;22;1;1
55;8;1793;3;52;1;1
55;678;1059;3;7;1;1
24;1952;199;3;5;1;1
28;139;181;3;16;1;1
48;302;1801;3;8;1;1
4;284;477;3;15;1;1
22;38;181;3;46;1;1
19;566;29;3;29;1;1
15;1611;523;3;8;1;1
10;5;779;3;40;1;1
57;37;1330;3;8;1;1
58;234;104;3;23;1;1
40;6;917;3;51;1;1
19;766;340;3;9;1;1
64;905;538;3;9;1;1
28;381;37;3;33;1;1
19;150;200;3;12;1;1
13;781;40;3;6;1;1
35;366;1787;3;8;1;1
41;1207;3;3;7;1;1
10;843;1290;3;6;1;1
58;850;193;3;10;1;1
39;1139;26;3;21;1;1
39;204;1580;3;9;1;1
1;657;1743;3;6;1;1
39;320;179;3;7;1;1
21;567;188;3;19;1;1
1;4;1158;3;29;1;1
14;734;549;3;11;1;1
40;234;467;3;9;1;1
37;14;1987;3;8;1;1
5;1531;429;3;9;1;1
33;240;971;3;11;1;1
51;875;561;3;7;1;1
33;1178;131;3;8;1;1
42;1067;9;3;62;1;1
19;290;770;3;11;1;1
64;14;1894;3;14;1;1
43;288;1858;3;6;1;1
56;629;48;3;22;1;1
60;158;186;3;25;1;1
40;1035;1534;3;5;1;1
56;436;30;3;63;1;1
1;1227;1355;3;5;1;1
52;1462;3;3;65;1;1
52;41;261;3;39;1;1
12;75;91;3;54;1;1
37;943;381;3;9;1;1
45;1209;231;3;6;1;1
25;33;24;3;170;1;1
6;451;966;3;9;1;1
12;748;15;3;30;1;1
41;331;53;3;48;1;1
40;18;361;3;76;1;1
21;921;730;3;7;1;1
32;64;49;3;127;1;1
30;591;25;3;9;1;1
43;1902;76;3;11;1;1
62;286;458;3;8;1;1
51;581;223;3;12;1;1
42;215;123;3;42;1;1
59;190;533;3;23;1;1
19;660;70;3;26;1;1
52;522;104;3;10;1;1
62;195;1683;3;8;1;1
13;1544;1039;3;5;1;1
15;1118;23;3;6;1;1
11;25;1118;3;7;1;1
28;1286;1573;3;5;1;1
36;577;25;3;57;1;1
57;1598;953;3;5;1;1
53;104;63;3;91;1;1
28;86;7;3;17;1;1
55;41;483;3;25;1;1
14;41;248;3;26;1;1
45;47;23;3;193;1;1
60;28;88;3;15;1;1
4;91;862;3;12;1;1
18;1267;35;3;18;1;1
64;521;864;3;8;1;1
14;3;589;3;5;1;1
23;319;994;3;12;1;1
11;253;210;3;9;1;1
8;411;727;3;12;1;1
48;408;94;3;29;1;1
59;619;14;3;59;1;1
42;169;1168;3;5;1;1
47;914;166;3;19;1;1
8;27;1541;3;33;1;1
24;54;1799;3;15;1;1
3;1005;154;3;5;1;1
13;7;545;3;71;1;1
41;86;42;3;84;1;1
41;162;23;3;57;1;1
25;919;186;3;6;1;1
10;232;13;3;89;1;1
40;107;1015;3;16;1;1
60;891;1712;3;5;1;1
42;319;29;3;8;1;1
48;165;40;3;19;1;1
58;1459;17;3;30;1;1
38;3;473;3;31;1;1
17;300;831;3;9;1;1
58;1830;81;3;5;1;1
61;7;255;3;74;1;1
39;610;969;3;8;1;1
63;15;1710;3;27;1;1
33;1074;3;3;85;1;1
9;299;1388;3;8;1;1
45;469;259;3;6;1;1
28;756;23;3;55;1;1
53;11;129;3;50;1;1
3;26;1386;3;35;1;1
26;127;843;3;22;1;1
50;37;1773;3;5;1;1
20;23;562;3;62;1;1
50;1388;202;3;13;1;1
43;5;274;3;47;1;1
7;1652;478;3;8;1;1
19;1911;615;3;5;1;1
32;171;970;3;8;1;1
31;641;1828;3;5;1;1
12;29;688;3;44;1;1
63;152;565;3;7;1;1
11;400;151;3;21;1;1
14;13;48;3;237;1;1
64;28;165;3;86;1;1
52;27;329;3;31;1;1
53;337;1658;3;9;1;1
46;6;1065;3;16;1;1
42;666;1138;3;6;1;1
24;175;1509;3;14;1;1
21;302;1630;3;8;1;1
18;882;56;3;22;1;1
11;1318;44;3;15;1;1
60;381;1041;3;11;1;1
11;1216;67;3;17;1;1
43;1478;243;3;11;1;1
34;1634;37;3;18;1;1
2;233;987;3;10;1;1
11;267;93;3;46;1;1
56;362;244;3;17;1;1
51;257;629;3;18;1;1
50;1062;1300;3;5;1;1
12;89;43;3;98;1;1
8;446;208;3;14;1;1
21;107;609;3;17;1;1
55;1771;236;3;5;1;1
36;1696;80;3;19;1;1
51;196;1014;3;10;1;1
17;157;228;3;11;1;1
27;11;365;3;82;1;1
49;250;1855;3;10;1;1
16;160;1104;3;7;1;1
34;9;818;3;73;1;1
31;1464;21;3;42;1;1
57;428;368;3;7;1;1
36;89;199;3;17;1;1
28;999;335;3;10;1;1
25;205;25;3;101;1;1
14;7;2041;3;62;1;1
16;274;35;3;34;1;1
42;575;12;3;44;1;1
13;185;1961;3;7;1;1
56;428;44;3;42;1;1
17;179;1133;3;12;1;1
24;1174;50;3;21;1;1
49;360;7;3;132;1;1
54;705;393;3;5;1;1
47;40;1105;3;13;1;1
62;1585;113;3;6;1;1
43;930;24;3;34;1;1
30;1258;38;3;28;1;1
44;90;198;3;8;1;1
54;342;1409;3;8;1;1
45;1806;37;3;14;1;1
46;337;496;3;9;1;1
48;1251;84;3;9;1;1
24;11;747;3;27;1;1
16;1376;483;3;9;1;1
28;991;169;3;15;1;1
31;52;939;3;31;1;1
59;468;1547;3;6;1;1
31;60;614;3;15;1;1
43;1044;1603;3;5;1;1
51;94;179;3;14;1;1
8;967;306;3;11;1;1
7;22;1160;3;20;1;1
17;198;635;3;9;1;1
60;38;77;3;14;1;1
26;87;848;3;20;1;1
60;156;65;3;33;1;1
29;1820;504;3;5;1;1
36;1985;19;3;24;1;1
6;1017;724;3;5;1;1
34;909;1272;3;5;1;1
26;1100;223;3;11;1;1
44;240;326;3;24;1;1
56;1070;209;3;14;1;1
29;6;9;3;166;1;1
47;222;218;3;16;1;1
25;60;1439;3;12;1;1
19;1161;1104;3;6;1;1
41;56;1532;3;23;1;1
63;52;954;3;5;1;1
28;34;1739;3;15;1;1
5;1254;32;3;26;1;1
5;6;591;3;103;1;1
52;351;935;3;8;1;1
41;130;41;3;89;1;1
46;40;230;3;57;1;1
22;168;136;3;6;1;1
53;709;183;3;20;1;1
18;1614;71;3;12;1;1
10;1310;1415;3;5;1;1
7;440;340;3;15;1;1
54;58;1731;3;5;1;1
56;171;662;3;22;1;1
41;1335;240;3;6;1;1
41;124;1988;3;11;1;1
6;182;806;3;10;1;1
61;9;1471;3;39;1;1
52;106;70;3;21;1;1
16;87;1724;3;18;1;1
35;70;632;3;34;1;1
11;29;1388;3;19;1;1
10;1357;118;3;8;1;1
63;693;1627;3;5;1;1
31;617;195;3;19;1;1
33;688;973;3;8;1;1
20;1160;1333;3;5;1;1
19;127;989;3;11;1;1
64;163;1422;3;13;1;1
57;360;67;3;37;1;1
26;455;71;3;33;1;1
41;150;885;3;10;1;1
38;218;348;3;9;1;1
19;1204;334;3;11;1;1
57;213;384;3;10;1;1
28;259;422;3;11;1;1
63;15;1516;3;38;1;1
42;427;124;3;23;1;1
47;1349;4;3;46;1;1
7;1350;18;3;13;1;1
62;1437;156;3;7;1;1
19;28;112;3;29;1;1
57;970;172;3;16;1;1
41;1267;50;3;7;1;1
48;747;97;3;13;1;1
2;118;1177;3;12;1;1
1;1117;298;3;8;1;1
60;320;349;3;6;1;1
30;913;8;3;18;1;1
36;10;287;3;15;1;1
57;394;167;3;28;1;1
40;8;90;3;90;1;1
6;1274;20;3;25;1;1
54;126;971;3;11;1;1
1;11;267;3;76;1;1
30;175;207;3;14;1;1
31;146;310;3;17;1;1
55;351;1203;3;10;1;1
22;459;387;3;6;1;1
46;190;545;3;13;1;1
39;1210;38;3;8;1;1
33;180;2000;3;5;1;1
25;64;882;3;24;1;1
3;1131;714;3;5;1;1
49;181;36;3;89;1;1
64;79;97;3;31;1;1
41;924;769;3;5;1;1
53;601;50;3;31;1;1
28;803;394;3;11;1;1
12;1722;60;3;15;1;1
42;1443;235;3;11;1;1
64;150;577;3;21;1;1
61;30;15;3;55;1;1
44;3;489;3;167;1;1
62;1863;381;3;5;1;1
30;143;54;3;25;1;1
26;68;538;3;34;1;1
56;1508;138;3;12;1;1
55;694;8;3;14;1;1
6;660;379;3;6;1;1
15;30;1394;3;30;1;1
60;1215;455;3;10;1;1
40;42;564;3;35;1;1
47;106;939;3;5;1;1
53;1752;307;3;9;1;1
62;728;4;3;86;1;1
14;17;312;3;82;1;1
18;1124;44;3;30;1;1
63;33;216;3;60;1;1
48;136;980;3;16;1;1
14;732;144;3;21;1;1
43;563;14;3;65;1;1
11;27;498;3;28;1;1
21;121;69;3;7;1;1
53;972;638;3;8;1;1
17;530;1348;3;6;1;1
30;1346;783;3;7;1;1
10;225;3;3;24;1;1
11;149;1932;3;9;1;1
38;707;33;3;13;1;1
43;74;643;3;33;1;1
33;1081;387;3;10;1;1
4;58;97;3;23;1;1
15;141;27;3;66;1;1
28;309;91;3;9;1;1
6;1977;24;3;8;1;1
31;22;210;3;32;1;1
17;1781;67;3;12;1;1
16;307;336;3;23;1;1
1;880;969;3;6;1;1
49;464;27;3;55;1;1
22;1786;304;3;8;1;1
6;9;803;3;59;1;1
55;855;57;3;17;1;1
18;466;51;3;21;1;1
42;189;1771;3;12;1;1
9;165;1860;3;5;1;1
27;203;1139;3;8;1;1
49;106;176;3;13;1;1
60;199;13;3;10;1;1
38;1044;224;3;11;1;1
29;89;1555;3;5;1;1
8;781;899;3;8;1;1
38;94;53;3;29;1;1
11;42;29;3;134;1;1
30;1263;167;3;13;1;1
14;1532;107;3;13;1;1
19;67;34;3;103;1;1
22;1431;59;3;15;1;1
39;179;1975;3;10;1;1
29;125;1103;3;16;1;1
48;218;13;3;29;1;1
29;58;260;3;27;1;1
2;178;224;3;35;1;1
31;850;152;3;15;1;1
34;1274;17;3;20;1;1
10;1709;7;3;46;1;1
52;55;289;3;31;1;1
14;282;684;3;14;1;1
56;841;1140;3;5;1;1
48;268;234;3;20;1;1
4;1718;4;3;45;1;1
39;1890;8;3;24;1;1
55;315;580;3;5;1;1
14;40;164;3;54;1;1
6;15;1636;3;15;1;1
18;125;469;3;17;1;1
30;5;439;3;77;1;1
61;1221;501;3;8;1;1
24;45;959;3;9;1;1
39;654;19;3;26;1;1
13;347;800;3;8;1;1
36;1000;890;3;7;1;1
28;20;719;3;26;1;1
22;1525;202;3;9;1;1
22;29;231;3;76;1;1
47;716;198;3;5;1;1
9;7;160;3;131;1;1
10;93;853;3;13;1;1
63;15;440;3;7;1;1
32;498;399;3;15;1;1
48;248;856;3;5;1;1
34;443;16;3;25;1;1
60;870;649;3;9;1;1
13;840;48;3;15;1;1
19;1407;471;3;7;1;1
29;98;1661;3;8;1;1
4;1072;343;3;12;1;1
17;102;1605;3;7;1;1
32;48;28;3;158;1;1
35;738;886;3;5;1;1
59;1626;29;3;16;1;1
20;21;156;3;5;1;1
45;1666;80;3;16;1;1
18;798;12;3;16;1;1
52;457;293;3;5;1;1
58;196;1571;3;5;1;1
16;29;331;3;13;1;1
39;291;64;3;32;1;1
48;14;1549;3;9;1;1
42;1826;152;3;6;1;1
41;31;194;3;7;1;1
4;1225;16;3;41;1;1
28;863;1503;3;5;1;1
54;408;509;3;12;1;1
28;156;657;3;22;1;1
55;241;950;3;15;1;1
6;39;1659;3;26;1;1
18;147;318;3;25;1;1
32;33;576;3;46;1;1
7;230;201;3;13;1;1
53;59;1178;3;19;1;1
6;966;183;3;6;1;1
37;750;1489;3;6;1;1
42;287;241;3;20;1;1
10;149;186;3;42;1;1
9;41;316;3;61;1;1
25;1189;416;3;5;1;1
48;264;893;3;8;1;1
29;5;155;3;50;1;1
18;760;1291;3;7;1;1
45;1679;96;3;15;1;1
14;281;276;3;23;1;1
2;162;266;3;14;1;1
14;12;1244;3;33;1;1
21;103;778;3;21;1;1
